text,label
sassy city girl country hunk stranded smoky mountain snowstorm aoms ibooklove bookboost,1
god kingdom heavenly govt rule people earth armageddon,0
mopheme bigstar johnson problem game body bagging nigga vuzuhustle,0
sound like whirlwind life,0
malaysia confirms plane debris washed reunion island flight mh,1
live balanced life balance fear allah hope mercy love,0
climate consequence u forest service say spending half budget fire,1
brooke face timed concert screamed minute straight,0
time began last obliterate freshness alarm,0
natural disaster get angry,0
get bump approval probably he blown musicadvisory,0
detonation realistic asset entering india koz,0
im laughing face casualty sorrow first time im thinking past tomorrow throwin away shot,1
one direction pick fan army directioners,0
freebesieged martinmj yougov tory landslide cant possibly mean waferthin majority,1
hope time end tv im arrested lighting building fire,1
dont miss chris appys detonation myth obscuring crime hiroshima yr ago month,1
load stuff going recently see blog sinkhole piling,0
k except every character shizune world would explode,0
scum still alive obliterate cancer,0
quick fact nuclear reactor come operation u year,0
trouble live,0
australia ash disaster collapse unfolded trent bridge cricket,1
schwarber ran going fast would explode piece,0
sky look clear smoke fire enjoy time tahoe one favorite place,1
downtown emergency service center hiring chemical dependency counselor intern seattle apply job,0
another mac vuln,0
attack titan game p vita yay cant wait,0
typhoon soudelor approach killed missing flood philippine typhoon,1
foodscare offer go nestleindia slip loss magginoodle ban unsafe hazardous humanconsumption,1
se pone cantar cry lightning,0
rescued dog least year ago shes old still sweet ever,0
vince mcmahon billionaire remember reading deluge post vince mcmahon losing,0
today storm pas let tomorrow light greet kiss bask loving warmth let soul return bliss,1
gon na lie im panicking little bit vichardy freeman practicing,0
another mechanical mod explosion man injured pharaoh mod blow hand,1
alton brown livestream burned butter touched hot plate soon made nut joke,0
look state action year fergusons upheaval,0
one direction pick fan army directioners,0
amp amp ill dam get drought bud,0
landslide italian alp kill three rome reuters three people killed severe rainstorm th,1
robert conquest famine museum kiev,0
nikoniko breaking news unconfirmed heard loud bang nearby appears blast wind neighbour as,0
daughtery would get destroyed twitter comment emotionally driven rant little factual basis,0
social casualty,0
efak would designed building occupant evacuate report evacuation assembly site,1
another one another one still aint done shit one nigga body bagging meek,1
worry youd every hitter pitcher got destroyed,0
ill sfa soonpandemonium,1
dont like head first slide especially home danger,0
shouldnt gon na ruin game vanessa great player,0
investigator said virgin galactic spaceship crash caused structural failure copilot,1
rly tragedy mp live recount horror saw coach train plunging water called,1
shooting airplane accident,1
many car cyclist wreck going past scratching pedal banned news,0
car even week got fucking car accident mf cant fucking drive,1
lone survivor eyewitness account operation redwing lost hero seal team,1
skyrim awaits rescuedagain,0
liked video gun range mayhem,0
idfire parker ridge fact sheet aug parker ridge wildfire information phone email pa,1
lava dragon breeder bred lava dragon dragonvale visit park check,0
dorette thats name mudslide cake maker,0
kessler syndrome name catastrophic exponential proliferation space debris destruction satellite gravitymovie,1
even admit seras sasha cute peice as exploded sidewalk,0
arrogant destruction think earth need u doesnt,0
train derailed instead getting work early like wouldve im late fuck,1
governor allows parole school bus hijacker via remember crime sent chill parent,1
kmatakobot breaking news unconfirmed heard loud bang nearby appears blast wind neighbour as,0
would like electrocute everyone us word fair connection income tax policy william buckley jr,0
stuck rainstorm stay toward middle road street crowned water tends pool side,0
chinese rescue team arrives myanmar help flood victim sittway,1
keep scrolling find said didbut seems exact starting point wound run deep,0
run blood,0
lie trust dvd cia hollywood bioterrorism len horowitz vaccine nwo,0
went pick lunch today bartender holding change hostage wanted number,1
activity govt cant derail u aim amp still remain peaceful unite freesikhpoliticalprisnors amp,0
family sue legionnaire family affected fatal outbreak legionnaire disea,1
still echo scream,0
mate theyve taken another since posted tweet pandemonium,1
predict riot,1
black friday turn bloody would rather shopping mystery,0
ted cruz fire back jeb amp bush lose republican like jeb amp mitt video,0
sorrower fresh wound old scar death metal,1
seen juda priest rob came back scorpion support fucking annihilated place astonishing gig,0
haha really comparing emergency service thats brilliant talk arse,0
aint bag trunk body,0
alaska prince wale archipelagowolves nearing extinction demand emergency protection standforwolves,1
im seeing issue aftershock,0
abes government made clear grenade weapon,1
dying debt costly survivor,0
screamed,1
people keep tagging self harm fucking,0
whoa wmata train derailed smithsonian,1
totally demolished genisys beautiful film almost people agreed,1
complete solution get rid browser hijacker removal guide,0
least sincere,1
conklin flattened shuffled foot instead kick slide didnt get hand chest,0
london cool,0
going three year separated sometimes let man know leave amp survive without,0
learn gained access secret top earner amp used explode home business please rt,0
would get inundated,0
rss russia begin mass destruction illegally imported food,1
severe thunderstorm warning oklahoma county ok pm cdt okwx,1
think ill become businessman demolish community centre build condo foiled troupe multiracial breakdancers,0
supply install new frp emergency slide tuna kijangbank negara malaysia closing date,0
call weekend call bloody mary time summer full new,0
typical bullet collided none managed reach target curse,0
crashed car parked car day modestmouseremix truestory,0
hailstorm hey secret trick get gem clash ofclans check profile,0
luka die everything annihilated alois trancy,0
sirensicebreaker one fantasy work diverse heroine think everyone read,0
cant kid cuz got bicycle accident amp split testicle impossible kid michael father,0
thanks sen feinstein hurry home california huge uncontrolled wild fire lightening starting new fire,1
anthrax bioterrorism cdc carry extensive review lab safety pathogen handling procedure,1
new document found pointing japan wwii atomic bomb program,1
suicide bomber kill saudi security site mosque world news,1
faan order evacuation abandoned aircraft mma via,0
casualty team ice cream recall sends chill food industry,0
look upon three method touching obtaing rank electrical transcription detonation butiqob,0
dk eyewitness travel guide denmark travel guide ebay auction keep eye,0
man go airplane engine accident via,1
forest fire amp dying salmon time act deny climate change nightmare bcpoli canpoli vanpoli,1
screamed world much love little pony,0
eerie way revealing history possible fate cadrought lakeisabella,0
sandstorm jordan coated middle east largest refugee camp layer grit,1
need spot drink special im kinda tired epicentre,0
big data social information explosion union could evolve retail strategyhua,0
bluedio turbine hurricane bluetooth wireless stereo headphone headset blk full,0
truth news bbc cnn islam truth god isi terrorism quran lie,0
china stock market crash gem rubble tcot news,0
money cant buy happiness lie tell poor people keep rioting,1
tdog holed apartment store several survivor glenn morale andrea jacqui merle,1
gone get get blood,0
everyone ahh hate snow lol call snowstorm growingupincolorado,1
canceling deal warship france agrees repay russia via,0
let forget wounded female veteran,1
hijackerturnedsattutor evaded authority three decade via,1
passenger evacuated safely green line train derails,1
support sys auth taken hostage blk u clergyforced exist youngerampgrossly disfigured bioterrorism,1
pandemonium aba woman delivers baby without face photo,0
inws alert spsgsp pm pm edt pickens county strong thunderstorm impact,1
tip prevent basement leak create control joint eliminate random cracking homeimprovement flooding,0
rolandonabeats ellie goulding blood acesse nosso site para ouvir,0
dream saw way survive full joy,0
learn grow become stronger face survive trial must pas thomassmonson lds mormon,0
forbes china stock market crash gem rubble china stock market crash summer ha,0
victory bargain basement price dwight david eisenhower,0
natural disaster get angry,0
see one favorite book beautiful disaster may one mine,0
back sunburned,1
posted new song earthquake,0
marlon williams gt elvis presley gt marlon williams gt steel panther shuffle mode like bloody legend,0
think twitter invented keep u insomniac rioting wee small hour,0
watch airport get swallowed sandstorm minute,1
better make shot tomorrow cause im recording flame thrown tomorrow,0
love waking dad screaming,0
earthquake drill,1
wait see pissed donnie tell another accident,0
fatality,0
im tired alllivesmatter people say derail blacklivesmatter dont anything life lmfao,0
use weapon cause might screwed xd,0
blksamp whts colluded take wht auth hostageamp make look blk wbioterrorismampuse lglorg idis id still,1
cunt,0
learning legacy catastrophic eruption new yorker,1
video picking body water rescuer searching hundred migrant mediterran,1
police investigating ebike collided car little portugal ebike rider suffered serious nonlife threatening injury,1
men escape car engulfed flame parley canyon crew investigating cause,1
hundred migrant feared drowned libya migrant stand next tent camp set near calais,1
appears govt lost ethical moral relevance mean whole usa population danger,0
hundred feared drowned migrant boat capsizes libya,1
tube strike absolute pandemonium,0
evansville resident told limit water usage due sinkhole construction evansville resident,1
one night gon na come crash party werent invited feelin,0
im mentally preparing bomb as school year im burning building,0
crushed km run pace nike sportwatch gps nikeplus,0
screamsdont scare animatronics,0
die myanmar flood affected,1
turkish troop killed kurdish militant suicide attack,1
grateful support flooding dinner guest thank,1
fire hazard associated installation noncompliant external cladding highrise building insurance aust,0
yearold boy charged manslaughter toddler report yearold boy charged manslaughter fatal sh,1
violent afternoon storm severe weather head chicago tonight detail gt,1
year hiroshima nagasaki consequence nuclear detonation,1
content held hostage network due affiliation fee,1
new roof hardy upwindstorm inspection tomorrow,0
big issue left undone get home adverse weather hit real emergency plan place,1
storm batter auckland northland violent overnight storm battered auckland northland uprooting,1
anyway mateo doesnt exist he mirage pointless addition generation human natural disaster im sorry true,0
straight body bagging,0
watching law amp order ib vine,1
blksamp whts colluded take wht auth hostageamp make look blk wbioterrorismampuse lglorg idis id still,1
conning build strong case portfolio diversification propertycasualty insurer,0
coastal german shepherd rescue oc shared link animalrescue,0
listen believe casualty cool one best album ever,0
foot sinkhole open lowndes county residential area,1
benzema increasingly look casualty benitezs new look squad arsenal bound chance think,1
mega bloody marvellous,0
commodity crashing like via,0
friend really friend theyd support regardless decision unless become massmurderer something,0
fall cliff please,1
remember like blew one game probs dont king cup,1
im woman crush,0
getting report flooding near jonesboro high school please use caution driving area turn around dont drown,1
niece especially good kid megan swanger ruthann mccormick daisy henley,0
california school bus hijacker parole stand sacramento,1
high priority severe thunderstorm watch ended issued lethbridge updated aug th mdt,1
officer wounded suspect killed exchange gunfire richmond police officer wounded suspect killed exc,1
old lady rockin death metal sedan downtown smoking cigarette found real mom,0
familia arm injury head case,1
new print available waiting long pamela blizzard,0
design decision let make something fresh beautiful wonderful wreck kindof odd restrospect,0
worldnews video picking body water bbc news home rescuer searching hundred,1
check lava lamp dude,1
except dont know started riot even make sense credit particular individual,1
let gone away like dust wind big wind like tornado blizzard thunder storm always want,1
suddenly im inundated research,1
many men would human hew human could hew men popular tongue twister among woodchuck,0
yeah dont think he elite either think hazard better player much,0
threat anthrax cdc via,1
im high moe im bouta crush friday,0
earthquake km brenas puerto rico time utc,1
rt likened step good shepherd film producer desolate garden,0
hot specially modified land stadium rescue hostage iran prebreak best,1
found diamond rubble,0
co germany invaded poland japan bombed pearl harbor preemptive suicide,1
mh intact part lift odds plane glided crashed sea,1
yes im bleeding heart liberal,1
exploration take seismic shift gabon somalia worldoil subscription somalia,0
texas seek comment rule change windstorm insurer,0
truck ablaze voortrekker ave outside tambo intl cargo section,1
also please would much like link,0
might killed airplane accident night car wreck politics best,0
god order obliteration ancient canaanite via,0
novalismi joseph mallord william turner shade darkness evening deluge clicca sul titolo,0
perfect night soak lava come,0
beyonce pick fan army beyhive,0
rly tragedy mp live recount horror saw coach train plunging water called,1
bloomberg publish anything negative try derail public support favor irandeal,0
sinkhole west side damaging car via,1
police teenager arrested curfew violation evanston riding stolen bicycle two teenager taken cu chicago news,1
thanks im teaching online class amp asking student lot question like sorry deluge ren art,0
thank uplifting spirit im drowned youve anchor,0
wooooooo rt call duty black ops esports mode let player ban weapon,0
nowplaying gt amp wildfire feat freak love feel like original mix massive dance radio listenlive,0
catastrophic wild fire threatening u mid west amp republican fighting new climate change rule guess ultimate darwinism,1
acquire postexistence straight elevation addition upheaval idea yet perquisite brzjc,0
thrust little jam cock deep inside flooding womb pussy hot thick cum,0
atl san fran flight go desolate square state real twitter,0
womens buckle casual stylish shoulder handbag pocket cross body bag white,0
enjoyed show today great fun emergency non evacuation interesting great run,0
rightways building structural integrity amp failure inspection damage defect testing repair via,1
sigalert update closed fwy ufn trash truck fire,1
im liable sound like wounded animal sex good lol,0
real shit damage bitch,0
rising follower graph follower past week get stats right,0
charminar demolish falling state anyway take engineer opinion telangana,0
remember british man survived also cant remember name though,0
man cam demolished plate as hungry,0
welovela nhlducks avalanche defense match v st louis blue sportsroadhouse,0
lava,0
withering death album found undermined backyard cat inundated floor mustering cat food,0
end australia best burger via,0
bluedio turbine hurricane bluetooth wireless stereo headphone headset blk full,0
choking hazard prompt recall kraft cheese single,0
natalie stavola costar explains role love hostage check lhmovie indiefilm comingsoon,0
way move like full rainstorm im house card,1
someone gon na get screamed getting lyric wrong lmao,0
greatest female beat boxer ever save baby outta burning building free time ya know whatevs,0
got first gamer troll demolished kid philly toronto mlb upset backtoback chargedup,1
best believe wrong decision made memphis street rainstorm lol folk doe,0
news report missing building fire people shot etc due video ppsellsbabyparts,1
aftershock back school kick great want thank everyone making possible great night,0
fkn asswipe playing israeli child killer fkn karma police get,1
send drown like way think allthekidneybeansandsorbet misha yes,0
vinnie jones go beat northumbria police,0
diego costa need stop getting injury urg,0
fco minister condemns attack mosque saudi arabia resulted least death,1
islam saving person equal reward saving human islam opposite terrorism,1
ever since kelly burned keep dream inside burning building,0
body shop inundated car dented hail good news insurance pay bad news stuck deductible wcvb,1
dont overwork album gon na fire dont overwork stress love take care,0
christie keep telling need electrocuted,0
episode trunk annihilated freiza cleanest shit ever showed nigga mercy,0
u national park service tonto national forest stop annihilation salt river wild horse via,1
success built success built failure built frustration built catastrophe real,0
yeah need another middle class hating republican get hard working cop fire fighter teacher,0
cant bloody wait sony set date stephen king dark tower stephenking thedarktower,0
another white guy trying mass murder people apparent reason let guess he mentally ill blah blah blah antioch,1
great british bake offs back dorrets chocolate gateau collapsed jan moir,1
rly tragedy mp live recount horror saw coach train plunging water called,1
im blood pressure med still probably roof long ppact story broke involved animal rescue,0
russia food crematorium provoke outrage country wsoaring poverty soviet famine memory,1
almost amazing think someone thought suicide bombing would actually good idea,1
help im whirlwind nostalgia,0
james kunstler bad architecture wrecked city residualincome mlm,0
recommend anyone job rn emergency service full time rose de lima campus hiring,0
indeed apocalypse come week know ill,0
family sue legionnaire family affected fatal outbreak legionnaire disea,1
camera art photography new bolt cyclone dr pp dr dual outlet power pack external camera flash,0
dont fart windstormfollow already jeez,1
following long sunk cost fallacy somethin,0
remember u driving singing collide together,0
drop nigga damage,0
international emergency medicine conference lennox hill hospital drjustinmazur,0
still need finish lover im watching drama hour im emotional wreck lover need wait,0
head gon na explode soon,0
medium pakistan covered capture terrorist mohammed naved,1
nasahurricane eastern pacific full update satellite see formation eastern pacific tropical storm hilda th,1
would love see diablo map themed place like westmarch mt arreat pandemonium,0
selection september bridgeport men charged home invasion police looking burglar,1
mencius tear worse correct take explosion pain day day right,0
thank longer shipping live microbe department defense,0
death certified government nuclear disasterrelated death,1
working zumiez location,0
im utter shock devastation dont go work left feeling life really short,1
new document found pointing japan wwii atomic bomb program,1
update va firefighter administrative leave facebook post call people put officer body bag,0
darude sandstorm,0
prepare property storm,1
usa today longer transport bioterror pathogen newsintweets,0
puncture wound without foreign body left index finger without damage nail initial encounter icd,1
freya video blew everywhere,0
architect behind kanye west volcano,0
china stock market crash gem rubble,0
video picking body water rescuer searching hundred migrant mediterran,1
new lady shoulder tote handbag faux leather hobo purse cross body bag womens,0
back back like im cover lethal weapon,0
apocalypse lol gf,0
let fraction vital need fatality would break education econom,0
setsuko thurlow survived hiroshima bomb story,1
stuart broad take eight joe root run riot aussie,0
nyc news legionnaire death toll rise new york city eight fatality older adult,1
time heals wound come belly button stay,0
truckload soldier blown nobody panic one little lion dy everyone loses mind,1
relaxinpr miprv rt latimes arson suspect linked fire caught northern california,1
fire hazard associated installation noncompliant external cladding,1
nasa announced massive solar storm headed straight u,1
rise like natural disaster take bat take back town,0
youre enabling possible collapse industry,0
parker ridge fact sheet aug parker ridge wildfire information phone email pa idfire,1
hot specially modified land stadium rescue hostage iran prebreak best,1
keep eye well looking lot new team member coming daysweeks,0
would paramedic really leave someone inside building thats collapseblow,1
experience youre always angry critical pundit grave danger going rail,0
could anyone tell crashed taking long time window please,0
news fedex longer transport bioterror germ wake anthrax lab mishap say fedex tcot,1
mic controller arent working one second,0
plan work dont panic bc letter like feel like may running letter thought,0
jack closed sketchbook biting lip mask im good howre,0
news crime police id victim fatal crash closed near franklin one person justice court,1
national free root beer float day tomorrow aampw pmclose help support wounded warrior project donation,0
half poll respondent worry nuclear disaster fading public consciousness fukushima,0
police officer wounded suspect dead exchanging shot richmond police officer wounded suspect killed exchange gunfire,1
large sinkhole swallow entire pond lowndes county georgia large sinkhole occasion,1
wild fire freak fuck like hell,1
photo lavenderpoetrycafe trauma memory encoded image trauma sensory cognitive,1
drunk meal cook youre totally obliterated,0
go concert someone scream ear look like wan na loose hearing anytime soon,1
cpanel crash course course,0
liberal compassion b specific feminist said u bombed japan back traditional sexist value,0
sworn defend proven friend house hailstorm,0
apc chieftain task dickson flood donation bayelsa,1
apocalypse please,0
check whats parking lot said last year ambulance st john,0
russian food crematorium provoke outrage amid crisis famine memory yahoo news,1
whao nigerian refugee repatriated cameroon,1
wrecked never felt low life okay god got,0
nuclear bomb terrible weapon,1
governor allows parole california school bus hijacker fresno linked local network,0
crossborder terrorism pakistan caught redhanded time india,1
wondering gold could gap job number tomorrow obliterate short big player guy could smash,0
new summer long thin body bag hip word skirt blue,0
well seen thats bummer weve heat wave tho id prefer rain,1
salute kid still trapped adult body,0
learn gained access secret top earner amp used explode home business please rt,0
descended sunk however may shadowed land beyond crest striking cobra landing harshly upon back torch,0
traffic collision injury rd ave offramp south sac,1
im healingreviving side game rather better attacking siren gt character except new girl,0
downtown emergency service center hiring chemical dependency counselor intern apply seattle job,0
photographer brian ruebs endures foot climb capture bride groom,0
hail ruining everything plus car havent even gotten yet yet another killer migraine lost glass,1
hear conversation sorry senator thought said electrocute million etc,0
trump get absolutely demolished general election,0
answer answer get collapsed others dont,0
meditationbymsg ppl got method meditation ampgot deluge divine blessing happy peaceful life,0
cw dealing disaster,1
sleeping siren vai vir pra sp,0
like demolition derby,0
ipod crashed weloveyoulouis mtvhottest one direction,1
alright im gon na crash im exhausted,0
bbshelli seems pretty sure shes one thats going stay bb,0
jaybig lpunbiggiewrap overzero questionfatalityflawless victory,0
draw day demolition daily football selection service consistently make money lay yo,0
driving avalanche car week like driving tank,1
yo flex im,0
girl next screamed fuck chonce im cryibg,0
shadowman save big easy deluge supernatural monstrosity read free,0
biggest fear disappointing people believe,0
cyclist pandemonium road today drive carefully,0
michael engulfed jumper,0
meaning picked one changed life overcome fear behold wonder tcc catch light endless,0
poignant reminder war many casualty,1
twelve feared killed pakistani air ambulance helicopter crash,1
transwomen drag queen color lead riot well known butch lesbian usually credited inciting,0
america like south africa traumatised sick country different way course still messed,0
latest home razed northern california wildfire,1
trouble understanding rotation within leftleaning red black tree class currently learni,0
protest rally stone mountain atleast theyre burning building looting store like individual protest,0
body bagging bitch,0
gm pray attack enemy derail ur destiny blocked lord amp flood ur life wheavenly blessing,0
thunder,0
u drone bomb islamic state target syria taking turkey u armed drone bombed targe,1
tension bayelsa patience jonathan plan hijack apc pdp,1
im grateful first responder others acted swiftly save countless life today,1
eyewitness account survivor hiroshima gleaned number oral history project,1
kurd suicide attack kill turkish soldier,1
connor franta damn siren hope everyone okay dan howell please get murdered another street,1
another white mass murderer antioch,1
gas leak force evacuation east saint john nb,1
pc account got hacked someone tried pull buck wasnt nsf amp idea,0
photo referencereference xekstrin thought nostril eye almost cried fear partake,0
northgate taco truck thats fire,1
always tell mom bring food hold cat hostage,0
drowning girl caitlin kiernan centipede press signed numbered limited full,0
nazi mass murderer became chairman vaccine drug company,1
hear screaming,0
llf talk world news u record hurricane drought united state hasnt hit major hurricane,1
destroy oppa image oops there nothing left right haaaaaa,0
monkey abused notorious laboratory dealer peta eyewitness invest via,0
alternative legal alternative protesting rioting may peaceful thing demonstration,0
segment vhs anthology series getting feature film treatment,0
lifestyle make sick baby clothes deemed hazard,0
tunisia beach massacre linked march terror attack museum,1
watch airport get swallowed sandstorm minute,1
mentaltwitter note make sure smoke alarm battery snuff time face many twitter reminder changing battery,0
firepower lab electronic resource automation fight infectious disease bioterrorism,0
curl come pretty look like finished shooting movie twister,0
devia ler collide wattys wattpad teenfiction,0
someone reblogged picture self harm scar oh please stop,0
twitter destroy childhood,0
expert france begin examining airplane debris found reunion island french air accident expert wednesday began examining,1
wpri eyewitness news rhode island set modernize voting equipment wpri eyewitness,0
cryptic word guided pilot hiroshima bombing mission,1
richmond coach devastated hear death second driver mr chance sitting jam,1
anniversary nears atomic bomb survivor speak nuclear power,1
eve jon stewart leaving daily show wmata honored letting another train get derailed crippling service,1
men escape car engulfed flame parley canyon crew investigating cause,1
whats wrong lil smoke good conversation,0
nine giant body sized garbage bag laterim going start throwing thing away moving expertwhiner,0
aftershock terrifying best roller coaster ive ever disclaimer ive,0
wrapup u cable tv company share crushed disney disappoints,0
oops bomb lost mile okinawan coast fell ship,1
pm hazard high traffic area wrightsboro rd,1
seismic audio sa sa padded black speaker cover qty pair,0
gained follower last week know stats grow,0
feel crash burn thomas rhett sure,0
nearly thousand people affected flood paraguay,1
carmike cinema antioch shooting grateful staff first responder safety highest priority,1
refugio oil spill may costlier bigger projected,1
real hero rip brave heart,0
rt nw issue severe thunderstorm warning part ar nc ok expect trauma case,1
nowplaying rock like hurricane scorpion,0
diamond piece charcoal handled stress exceptionally well hard pressed every side crushed cor,1
im screaming he favourite,0
reuters russian food crematorium provoke outrage amid crisis famine memory,1
lonely day mine day im glad survived,0
one thing sure never bush fire scotland ground always soaking wet,0
thing pick tozlet seat butt leprosy fullblown jerkface syndrome lateral lisp amp toilet rickets,0
former township fire truck used philippine langley time filipino,0
handbag genuine mulberry antony cross body messenger bag dark oak soft buffalo leather end date,0
gang walking round brown flame amp thats nd,0
school western uganda still burning building strikesstrikes western uganda always lit literally,1
hi thought recognised smile believe emergency service best performing art follower simon,0
reason one constant drake inundation extremely annoying drake land u,0
also pls help u campaign warn public hazardous keratin treatment brazilian blowout copycat,0
download itunes flood glory luiz santos jazz art music,0
wen finally get girl want im flooding yall wit pic u r tho,0
someone teaching obedience obliterate trial life trying sell used car jesus life blow theory,1
landslide caused severe rainstorm kill italian alp,1
whao nigerian refugee repatriated cameroon,1
know emergency plan workplace ask supervisor operation manager retail,0
check vintage longaberger floral fabric shoulder cross body bag brown leather strap,0
shooting explosion hand grenade thrown car house amp vehicle building set fire baffle mei sweden,1
sky ablaze tonight los angeles im expecting ig fb filled sunset shot know peep,0
training grain wheat bare gold august heat anger im trespass lest seek danger,0
flattened machidadid lose fightnope lost fight guy shouldnt lost also,1
workplace going pandemonium season start,0
usgs eq km twentynine palm california time utc earthquake,1
u four demolish,0
info wnd cld sct bkn exp inst apch rwy curfew oper taxiway foxtrot amp foxtrot navbl tmp,0
double result live app,0
zouma flattened guy,0
maryland mansion fire killed caused damaged plug christmas tree report say flame firefighter bravery,1
earthquake km ssw anza california iphone user download earthquake app information,1
could demolish right,0
tell united nation plantation forest via,0
im glad got away xd safe reference tornado near calgary drum heller around,1
bombed kanye elephantintheroom,1
desolate hope part mirad via,0
puckflattened ball lol,0
nucleardeal indojapan pact lie heart two u reactorbased project japan go ahead,1
reddit quarantine offensive content technology technews puledotechupdate,0
hazard hazardous condition sb fwy sw terwilliger blvd portland portland police pp pdx,1
exploring new world three moment explosion china mi ville,1
im bride amp groom mountain cliff edge ha ha kidding ever ha ha,0
spot flood combo inch curved cree led work light bar offroad fog lamp full,0
liked video minecraft night lucky block mod bob apocalypse wither amp mod showcase,0
example used even worse caf trying market whashtag hijacking,0
catastrophe man open school wanother he athlete teacher principle fulfilling inside clerical duty,0
chose search joy two u near smile matter cold flame burn bod portgassdk,0
like beautiful as tragedy lol,1
tell rescind medal honor given u soldier massacre wounded knee sign amp rt,1
generous bride earth couple feed syrian refugee wedding day via love,0
rory mcilroy test ankle injury weekend practice chinadotcom sport,0
meek definitely capable body bagging as track drake smooth fuck,0
explanation request much want provided get job done youre constantly drowning work,0
bloody hope said folding arm sitting back chair,0
learning legacy catastrophic eruption,1
world class tgirl as scene pandemonium,0
toddler bedding firetruck bundle fire truck firefighter sticker decal sign wall,0
gut deutsch musik old rotten monarchy collapsed new may live long live german republic,0
retweet cameroon repatriating nigerian refugee due boko haram,1
apologise sincerely inevitable deluge gbbo tweet come wont hold grudge decide unfollow baking cake,0
group mascara smeared girl rioting horrific think,1
obama declares disaster typhoondevastated saipan obama sign disaster declaration northern marians,1
natural unavoidable consequence socialism everywhere tried,1
meek mill join isi since love suicidebombing career good reason,0
survive gloria gaynor oktaviana devi,1
smoke detector required building office building shevlinhixon drive fire,1
bruh thats lady mulan,0
illinois tornado slipped radar emergency official say,1
breathe sound like windstorm haha cool,0
fully engulfed garage fire propane tank inside sunnymeade dr,1
michael talking electrocuted omg rowysolouisville,1
russia stood cold war nuke ban face ocean superiority unconditional surrender next putin game set match release hostage,1
even berlin wall survived daubt theyll ever generation like,0
kid orphanage obviously traumatised,0
uk train accident fatality th year running despite increase passenger journey,1
mizzou annihilated florida past season even ended muschamps career cant compete bama,0
forest fire socal fire watch realhiphop,1
latest home razed northern california wildfire,1
ablaze lord,0
cute dinner date til cam nose start bleeding,0
im baan thai tsunami sushi washington dc,0
august one hundredodd pilgrim england holland set sail new world unimpressed,0
loud groaning let u bang,0
dont think ally sucked million casualty,1
returned refugee fleeing amp vietnamese govt treat returned dutton presser,1
reddit quarantine offensive content reddit cofounder ceo steve huffman unveiled specif,0
look sport riot google youll see couch burned fr got ta go,1
keep please arachys piece deal weapon damage,1
one violent belligerent storm im enjoying watching unfold,1
besides nasty thunderstorm snowstorm nah cant say,0
im traumatised,0
hollywood movie trapped miner released chile newsdict news chile,0
silence palermo shipwreck child death,1
mom watching show bridge breakingfalling people drowning car aka one biggest fear,0
get load welfare loving spongea blight society,0
china stock market crash gem rubble china stock market crash su via,0
sky news mandem totteham going maddddd burning fed car dem ting dere,1
yeah speakingfromexperience,0
new free porn clip taking hostage dangerous favor free rt adult sex tube,0
injury illness fatality latest number,1
foto love everything anymore last album made red devastated record,0
cant believe fucking ci female going somehow claim offended transgendered female who attacked medium,0
leo as got metaphorically blown piperwearsthepants charmed,0
pardon burst flame ive enough world people mindless game,0
spotlight take paradise arsonist mc wniagospel,0
ice age meltdown,0
ah yes gay totally destroying america see building burning meteor crashing school wow,0
reason love woman military lulgzimbestpicts,0
ran earbuds realize mean probably didnt politely say hi jared less screamed,0
houghjeff crap content marketing deluge dougkessler bagency via slideshare contentmarketing,0
dead injured displaced syria visit u canada,1
japan fuso class battleship yamashiro naval cover photo cachet sunk wwii,1
eden hazard hockey,0
factor consider hiring demolition company noxdv,0
kach group belonged baruch goldstein mass murderer shot killed palestinian,1
watch airport get swallowed sandstorm minute,1
im sorry im,0
aspiring musician amp song writer share talent gmmbc youth explosion past saturday,0
dont let tubestrike derail mood join u pisco bar drink work coya london,0
railway caught unawares mp tragedy accident spot never marked vulnerable time news,1
clearedincident injuryi inner loop exit md georgia ave silver spring,1
never screamed loud,0
gunman opened fire tennessee movie theater killed police anyone suspect suicidebycop,1
homemade frozen yogurt pop luck making,0
people near meltdown comic free time wait line sunday night representative sample,0
people concerned slab obliteration scotland labour uk ripping apart labourleadership contest,0
ugh hungry im going demolish food,0
im crazy enough run degree midday heat blazing sun place im,0
sharp rise woman child casualty afghan war un say,1
shot heart xv going totally give love bad name heart pierc,0
rcmp reporting fatality serious injury result collision tch near whitbourne,1
hell kill instead survived shot dont exactly know fled scene pulled trigger,1
please take faroeislands itinerary mass murder dolphin amp whale stop,0
sb new deepwater horizon oil spill distribution fund bp settlement road bridge project bal,1
nw issued severe thunderstorm warning oklahomaok pm,1
real question tornado siren going dyersburg,1
wouldnt sunk sub,0
police kill hatchetwielding gunman opened fire inside nashville movie theater middleaged man armed wi,1
passenger know mass murder take place faroeislands every year,1
say concern panic many game left game left,0
disregard snap story angry white girl riot happening speak evacuate,1
flooding occurs home stop mold growth via,1
tell cousin dont wan na hang text saying coming honestly death wish,0
put chicken nugget microwave minute intead accident fucking burned,0
waiting ambulance,0
notleys tactful yet direct response harper attack alberta govt hell yeah premier ableg cdnpoli,1
suicide bomber kill saudi security site mosque reuters canada reuters canadasuicide bomber kill,1
terrorist attack police post spos injured yug,1
fur leather coat sprite amp weapon choice lifestyle chosen back,0
oc mhtw fnet official alabama home quarantined possible ebola case washington post,1
nothing trouble lil wayne amp charlie puth,0
love song healing heredeluge ampwanted sing church spanish translated,0
feel lucky rn,0
check lightning reshapes rock atomic level scichat science,1
dem flatliners destroy creativitybalancelongevity amp truth stand lucifer flame destruction,1
burning like neon light,1
fear lord start knowledge foolish use wisdom teaching amsal,0
stepkans medium two confirmed dead boat travelling collided lvictoria,1
breaking la refugio oil spill may costlier bigger projected,1
bahrain police previously died road accident killed explosion,1
never understood guy wanted run burning building chase murderer theyre fire,0
collapsed bed ugh im exhausted,0
two giant crane holding bridge collapse nearby home via,1
thorgan hazard made move permanent go gladbach summer lmao,0
rescued med migrant arrive sicily,1
car engulfed flame back traffic parley summit,1
picking flattened hay men masonite wahpeton nd,0
new lady shoulder tote handbag woman cross body bag faux leather fashion purse full,0
sevenfigz crush,1
demolition mean progress flint michigan fate american metropolis highsmith,1
photo weallheartonedirection let david electrocute asshole,0
accepts wisconsin emergency response plan behalf nbc,0
nar phuket ultimate preparedness library prepare catastrophe,1
werent taken back africa rescued news,1
afghan soldier kill u general america highestranking fatality since vietnam,1
ransomware hold bc man computer file hostage virus locked andrew wilson family photo,0
let go passenger,0
pakistan air ambulance helicopter crash kill nine,1
china stock market crash gem rubble forbesasia,1
still dont know independence day social casualty rowyso setlist song would good live,0
kaduna begin demolition building govt school land,1
rcmp confirm fatality twovehicle crash tch remains closed whitbourne due accident,1
watch airport get swallowed sandstorm minute,1
liked video gta online collateral damage gta online pc,0
cowboy wednesday injury report rb lance dunbar injures ankle listed daytoday,0
share large sinkhole swallow entire pond lowndes county georgia large yonews,1
cuban leader extends sympathy vietnam flooding,1
man killed crash barrington hill hoffman estate man killed singlecar crash wednesday afte,1
watch airport get swallowed sandstorm minute,1
shame tookem intriguing dominant force jobbing clist demolition,0
coastal german shepherd rescue oc shared link ecstatic rescued racco animalrescue,0
visited hiroshima incredible place model show devastation bomb,1
fucking better berlatsky dont win fucking thing landslide im holding personally fucking responsible,0
wrecked,0
best thing drowned call guy angry cause hadnt gotten tracking number,0
saw fast af great damage upgraded shitton used exclusively whole playthrough,0
sound like song would hear movie walking away burning building car shit,0
emergency unit simulate chemical explosion nu suppose student research lab northwestern,1
come work today literally wan na collapse exhaustion,1
fatality,0
dont understand taking life trophy violent killing cecilthelion badchoices bantrophyhunting,1
concur longer spend child harm mmk,0
spot flood combo inch curved cree led work light bar offroad fog lamp full,0
fierce windstorm cant take place without da calmstillness eyecenter said ur internal aspect weigh external,0
wreckage conclusively confirmed mh malaysia pm,1
cafe run acid attack survivor india,1
nowplaying last smoke snowstorm benjamin francis leftwich hopefully new album coming soon,0
investigator say fatal virgin galactic spaceship crash last year caused structural failure,1
news family sue legionnaire family affected fatal outbreak legionnaire,1
fear missing migrant med rescuer search survivor boat carrying many migrant,1
skinny jean hazardous health socialnews,1
court system truly broken indeed surprise based run,0
christian united israel cufi jew convert soon die armageddon u,0
phone look like car ship airplane accident terrible,0
nuu fam fwt im leave body bag,0
amp stat high auto death applies child vehicle guess run lightrail better adult,0
soldier killed isi suicide bomb air base east homs syria news zaman alwsl isi homs,1
man drive effort get painful man win roger bannister,0
tonight going mayhem playthursdays everybody free text st nw,0
nasa modis image dust storm morocco strait gibraltar duststorm,1
never thought would wtf moment yet month degree heat next flash flood,1
think every time go epicentre haha,0
usgs km volcano hawaii time utc epicenter sm,1
beautiful disaster,0
new lady shoulder tote handbag faux leather hobo purse cross body bag womens rt en,0
man woman romance amp south afrikaan trouble sale preorder thebargain,0
hurricane guillermo live noaa tracking looping wedaug th,1
people died human experiment unit japanese military,1
legionnaire disease whats done stop deadly outbreak,1
add fez weather equation best recipe disaster,0
mine diesel twister small breed strong beautiful pug,0
crawling skin wound hea,1
could billboard hot chart displaced socialmediadriven music chart,1
enjoyed liveaction attack titan every time see poster im reminded freshly clean coiffed everyone apocalypse,0
nothing wrong lethal weapon series great yes theyre great,0
golf mcilroy fuel pga speculation video injured world number one rory mcilroy fueled speculatio news,0
want netanyahu leading united state catastrophic religious world war enough already,0
next man upah screw im tired injury happened camp cupcake like camp cramp break,0
bbc forced retract false claim cyclone pam via,1
comment death older child data tell u nghlth,1
rock spring resident living elk street continue battle flooding issue monday rain storm,1
deal day brand new dserialpcilp lava computer pci bus dual serial board,0
course one day dress professionally aka unsensibly class day try outrun natural disaster,1
life lost except first responder public theyre charged protecting,1
landslide trump bush via,0
go ibiza pop ah pill get drunk amp fall cliff real talk,0
cue flood people ironically calling,0
somehow find collide,0
see yr old pkk suicide bomber detonated bomb turkey army trench via,1
found cool photo mine dodge wayne bodied window bus ex libby mt fire department truck ori,1
drunk meal cook youre totally obliterated,0
seat majority vote become landslide,1
got sent photo ruby alaska smoke wildfire pours school,1
fukushima mutant vegetable image sweep across region two year nuclear disaster via,1
hijack bona fide cislady confirm true incidental homosexuality gaybi woman,1
thedoolinggroup injured school bus collide breaking school bus slam school bus bordento,1
blazing hot etisalat free mb complete month etisalat giving mb tecno ime,0
place ex par defender andy tod full uniform instant pandemonium utter mayhem ensued,0
even awesome norse landscape load atmosphere life boringdead snotgreen wasteland,0
summer heat drive bobcat calgary backyard,1
blazing,0
see programme,0
trouble mental fog consider test,0
pretty much every time audio dy audio stream baseball game assume catastrophic nuclear attack,0
legionnaire disease whats done stop deadly outbreak,1
here part teamo supremo pogo panic want make better ok via,0
flooding kill displace one million pakistan daily news amp analysis yugvani,1
denali wolf population declined reinstate emergency buffer zone protectdenaliwolves,1
bloorossington arsonist also burned mattress northumberland st cbcto,0
wired reddit quarantine offensive content reddit cofounder ceo steve huffman unveiled sp,0
strongly support military amp family cock sucker dc work,0
yes especially new client walk think wart emergency,0
welcome read free chapter new book encounter jesus full hope,0
anyone try harm cupcake ill fucking hunt end earth harrybecareful,0
cant roar wave rainstorm amp rolling,0
get eur free bet bwin use sport market destroy free,0
bridge collapse natural calamity manmade mpp lambasts congress kanglaonline yugvani,1
trickshot regular controller fucking infinite fading harm gt,0
rainstorm destroys house yobe state rainstorm destroys house yobe state daily trust damatu,1
come ik face mcourt attacking parliment hijacking tv station,1
he alright hazardwillian aint gon na shifted easily,0
let say tree fall fence know homeowner insurance may help,0
people netflix there really good documentary hiroshima narrated john hurt parter interview pilot survivor,0
much danger please,0
white family supposedly representing america great value get blown horrible cgi nuclear strike lmfaoooo,1
feel attacked,0
rockyfire update california hwy closed direction due lake county fire cafire wildfire,1
indeed remarkably puny idea place epicentre new postcapitalism epoch,0
absolutely obliterated moth new purchase bos,0
understanding umntu wakho trust partner ok know wont fear anything,0
new post major challenge channel sale enablement,0
funnynews business watch moment cliff collapse huge chunk rock fall onto road china,1
youve fucked paul say cake look like mudslide taste like rubber,0
calgary news weather traffic august,0
pharma overloaded loud cry like emergency siren fucking,0
know still hasnt quite sunk,0
bad personally id get rid either hazard aguero better striker berahino,0
nah young blood cook gone im cut haha,0
want play game googlemaps mashup calculates effect detonation nuclear bomb,0
aftershock big initial earthquake,1
ig blown hacker need stop givebackkalinwhiteaccount,0
earthquake sismo km volcano hawaii time utc,1
lie though pay oldest sometimes like first get car curfew freedom donthate,0
cool tip friend counterstrike security amp sound,0
israeli helicopter attacked civilian gaza completed exercise greece,1
oh shit,0
tale two pox body horror virus infectiousdiseases bioterrorism,1
care life land sea amp air dont pretend amp ignore nuclear disaster japan fukushima global problem,1
man wife get six year jail setting ablaze niece,1
whenever meltdown need someone always like leaving dont know got lucky blessed,0
warne shocked australia epic collapse trent bridge johannesburg aug ani legendary australian,1
let hope upper class white mass murderer mmmm,0
anti collision rear technology cool via techesback tech,0
wrecked,0
came land engulfed tribal war turned land peace ie madinah prophetmuhammad islam,0
jax issue hazardous weather outlook hwo wx,1
emergency surgery,0
fedex longer transport bioterror germ wake anthrax lab mishap via,1
u forest service firefighter david ruhl died frog fire modoc national forest temporarily reassigned,1
forsure back gym tomorrow body isnt even dont wan na risk injury,0
one day heart gone get zipped body bag,0
elsa gon na end getting electrocuted shes gon na end like cat christmas vacation,0
refugio oil spill may costlier bigger projected la time,1
ever since facebook mets meltdown padre fiasco mets youre welcome,0
icymi ash australia collapse trent bridge twitter reacted,1
destruction seems see ruined somehow,0
ifak individual first aid kit treat single trauma victim think create efak evacuation first aid kit,1
know dill pickle taste one,0
three israeli soldier wounded west bank terrorist attack via rworldnews,1
understand wanting hang guy friend ill give space dont ruin trust,0
new stretcher min fujiwara shunichiro technology,0
people panicking result day though hahahah like worrying going change result,0
mum literally picked new car today flattened battery already trying sort bluetooth muppet,0
fema center disaster preparedness weeklong training chemical biological radioactive nuclear emergency response,1
put fire thats still burning,0
south sac florin rd franklin blvd trfc collision enrt,1
christian attacked muslim temple mount waving israeli flag via pamela geller,1
driver ram car israeli soldier wound military driver rammed car group israeli soldi,1
enugu government demolish illegal structure international conference centre enugu state government app,0
short reading apocalypse spirit angel took top enormous high mountain,1
christian attacked muslim temple mount waving israeli flag via pamela geller,1
liked video romanatwoodvlogs rescued sick kitten,0
biggest lead hazard new england history yeah let nail guy,0
tomorrow internet day almost month look forward deluge stuff ive avoiding downright lie,0
tb throwback want battle here war,0
madhya pradesh train derailment village youth saved many life group villager saved passenger life two train,1
removing tsunami debris west coast karen robinson enviromental emergency service manager,1
click tag there lot rt hijack hashtag,0
hellfire gargoyle hoof coil,0
youre girlfriend completely gorgeous woman crush amp stuff,0
bringing tornado flood bringing climate change god america plaguing farrakhan quote,0
illusoria icarus nowplaying check,0
ruin holiday wordk zmne,0
survive,0
ancient mayan tablet hieroglyphic honor lowly king yearold mayan stone tablet describing,0
every case yes utterly demolished utterly embarrassed bring indy ever,0
boy,0
hey concept quarantine make sense people youve quarantined wander amp whenever want,0
family sue legionnaire family affected fatal outbreak legionnaire disea,1
truth pulled apparently crazy adult trauma mocked,0
omega men writer explores terrorism religion epic kyle rayner story newsarama,0
sterlingscott red carpet fundraiser oso mudslide,1
beyond stressed beyond hysteria grey misty indifference complete shutdown emergency service brain,0
fire burning pendleton burned acre smoke reported drifting temecula,1
nowplaying orchardalley le nyc bioterror manufactured fear state repression garden,1
tanzania elephant population declined five year census reveals,0
news latest home razed northern california wildfire new york time tafs fb,1
migrant rescued boat capsizes libya,1
xbox pro console red ring death full read ebay,0
check malaysia confirms plane wreckage flight mh,1
anyone else see fireball falling earth look like plane blew,1
obama feel responsible bringing illegals family well protected harm feeling heart others,0
ear bleeding,0
heard skh radio first time almost crashed car,1
probably inundated question who coming creamfields please say mainstage,0
esteemed journalist recall tragic effect unaddressed childhood trauma,1
icaseit mfi certified lightning cable,0
ok peace hope fall cliff along dignity,1
last two weather pic storm august nd people packed real fast temp dropped wind picked,1
hail new caesar,0
loyalty mission involves kicking shitty nobleman death love elven weirdo,0
cowboy george injury woe took claiborne first round trying stick around,0
listening blower tuffers aussie batting collapse trent bridge reminds love wonderful stuff engvaus,0
god forbid anyone family know answer phone need new emergency contact,0
fifty online date im still single michael windstorm amazon kindle datingtips goodreads,0
entered jagm project replace tow hellfire missile check,0
askconnor natural disaster would,0
union debris almost surely flight official say new york time,1
always got ta ruin mood,0
picture building burning ground basement streetlight im drinking problem hole sky,1
eruption indonesian volcano spark transport chaos picture done video mount raung,1
urgentthere currently storey building church bstop oworoshoki third mainland bridge likely collapse,1
aris hint snippet death,0
omfg bush fire tiny island freaking house gon na burn,1
expert france begin examining airplane debris found reunion island french air accident expert mlb,1
caution breathing may hazardous health,0
yeah worth bc already many spammer amp twitter probably blown every second,0
much lebanon attack iran hostage crisis libya pan,1
warne shocked australia epic collapse trent bridge johannesburg aug ani legendary australian,1
ik troll pol rival never literally abused attacked family literally abuse ik loosers,0
die get teleported somewhere middle ocean stay trapped unless decides,0
body bagged rt drake body bagging meek,0
hobo hobo vintage shira convertible bestseller,0
im cook smokey bear saving forest fire face as,0
watch airport get swallowed sandstorm minute,1
watch forest fire smoke lifted nuff fme tmake run tthe pet store hwy ill bhome,1
damage school bus multi car crash breaking,1
editor chief release issue ramag fashion model mayhem,0
brother cry cause thunder lmao,0
ty blew motor went flame got ok,0
second faster overtook twice crashed tru luv lt lt,0
couple less sex fear itll let internet movie book saying sex ought,0
lifetime odds dying airplane accident,0
rare insight terror fight cameroon usa whitehouse e fr nigeria uk africa de ca au jp,1
pack pack pack line fleek stretcher fire,0
vanderbilt first harm,0
hopefully doesnt electrocute heated blanket lmao,0
fear missing migrant med rescuer search survivor boat carrying many migrant,1
bbc forced retract false claim cyclone pam via,1
still see itblank expressioncheeks clapping facemarvins room playing subtlety back yet drowning sound,0
courageous honest analysis need use atomic bomb hiroshima japanese military refused surrender,1
cramer iger word wrecked disney stock cnbc,0
torrecilla always info secret lol game check secret get riot point bio,0
came land engulfed tribal war turned land peace ie madinah prophetmuhammad islam,1
video picking body water rescuer searching hundred migrant mediterranean,1
damn there really mlk center hasnt sunk yet,0
follow go town advertise youtube channel screaming walking around sign pls,0
beastin tapa evening good folk funtimes demolished,0
others dont get burned,0
trillion cross line rd time fieldwide attack instant kill damage,1
navigate inevitable upheaval internal audit must lead way,0
blending old new vanuatu prepare future emergency,0
blood pressure roof dont need extra shit,0
would look like hiroshima bomb hit detroit thursday mark year anniversary united,1
think spectacular look stonewall riot obliterate white house,1
sbnation flame make good penalty killer,0
public health team traumatised bush fire could appreciativeinquiry turn around,1
sure purdies alive blight,0
two giant crane holding bridge collapse nearby home,1
burning building medium outrage,1
blue bell may close return listeria disaster hot theneeds recipe,1
even weapon badge gon na put choppas as,1
aashiqui actress anu aggarwal nearfatal accident,1
california man facing manslaughter charge sunday wrongway fatal crash ca,1
let hot blazing fantasy escort gfe dubai,0
real hip hop apollo brown feat mop detonate jtw,0
first time went swiming basically screaming smelltaste bad,0
vote directioners v queen th round fanarmyfaceoff,0
train derailment freakiest freak accident indian express,1
shes proper traumatised pepper dead cant wait see face,0
love bb,0
yr old pkk suicide bomber detonated bomb turkey army trench released,1
cree led work light bar alloy spot flood combo diving offroad wd boat full read,0
day liquidation emergency chemical object usar usar ruor,0
way archetype bleeding wellgrounded readiness fpoj,0
malaysian official say debris found reunion island mh report,1
new lil chance nothing flame,0
man equally incapable seeing nothingness emerges infinity engulfed blaise pascal,0
none annoying crusty life matter head as people ever actually support cause hate black death get attention,0
want work missionhills ca view latest opening nursing job job hiring,0
love girlfriend,0
except ordered carry unauthorized weapon duty military uniform thats rule fool,1
im cry song ended setting fire,0
hot reddits new content policy go effect many horrible subreddits banned quarantined prebreak best,1
fifty online date im still single michael windstorm bampn nook book thebachelorette,0
godslove amp thanku brother danny rt new video coming apocalyptic u earthquake amp tsunami,0
rainstorm destroys house yobe ireporter via,1
dear brought canonbringit fire canontattoo mn theresmorewherethatcamefrom,0
hannah hiroshima sound like could place china isnt oil spill,1
health fact muscle mass made fluid drink water prevent strain sprain injury,0
keep thinking stepped broken glass pun tak sedar dont feel pain also bleeding shit,0
update police seemed like nice enough people felt bad transformed screamed dont worry theyre unconscious,0
slowly sinking wasting,0
hiroshima bombing justified majority american even today hindustan time,1
pic yr old pkk suicide bomber detonated bomb turkey army trench released,1
gpv wind jst aug wnw jst aug jst aug jst aug,0
screaming,0
thank much everyone posting rain hail outside idea guy,0
upheaval high note bush opera sydney news au,0
myanmar flood childfund international need care aust appeal,1
potus strategicpatience strategy genocide refugee idp internally displaced people horror etc,1
u national park service tonto national forest stop annihilation salt river wild horse via,0
investigator shift focus cause fatal waimate fire,1
eyewitness ha,0
hot funtenna hijacking computer send data sound wave black hat prebreak best,0
never support looting burning building seeing people fight back police proud,1
horrible accident man died wing airplane wtf believe eye,1
youre caught landslide ill rain give sunshine ill,0
oh okay got message twice got suspicious sorry ill check,1
dysfunctional mcconnell plan holding judicial nomination hostage another example gop govern,0
radar update widespread showersstorms moving areasminor flooding possible hunwx,1
need confirm ross dead cause dont trust anyone else yh,0
set goal demolish fitness inspiration,0
road success paved penny flattened train track youre welcome,0
hinton city official confirm multiple building fire currently evacuating people main street way,1
thanks know get inundated good one,0
environment canada confirms nd tornado touched last weekend,1
dad said look thinner usual really im like,1
rt abbswinston zionist terrorist kidnapped palestinian overnight terror palestinian village,1
first year forest service spent half annual budget fighting fire climatechange,1
wonder coolweird itll look character mkx fatality skinless predator,0
ouvindo peace love amp armageddon,0
cause know every man fear strongminded woman say shes keeper got keep runnin,0
dog attacked food pugprobs,0
russian authority take account petition destruction sanctioned food vladimir putin press,0
colorado spanish word latin origin meaning reddish colored dummy pronouncing wrong,0
sinkhole close falmer drive bethlehem township,1
number people denying climate change polar bear article make fear future u also humanity general,0
devastated today allegation,0
dead injured headon collision kenai spur highway,1
quarantined little corner bc sick office work piling need kinda day,0
good ground believe political military catastrophe crime planned committed individual,1
nflexpertpicks michael floyds hand injury shouldnt devalue fantasy stock michael floyds damaged digit,0
claim suicide bombing saudi police riyadh afp islamic state group suicide bomber thursd,1
one man fatally shot another wounded vermont street buffalo,1
kisii police kisii hunt student failed arson plot police kisii hunt student countynews,1
phone electrocute charging,0
ir icemoon aftershock dubstep trapmusic dnb edm dance ice,0
bought ticket death bed dude bro party massacre iii live,0
survivor remorse good,0
bout go suicide bombing,1
jammu soft target terrorist,1
hiroshima survivor fight nuclear industry brazil video,1
storm blitz traverse city disrupts management briefing seminar violent summer storm blitzed tra,1
busty blonde teen natalia starr fuck security guard set view download video,0
bright side wrecked,0
said curfew nope,0
restore vinyl siding make look new,0
hate people tweet receipt know wrong wont take bc blew literally gtfo youre desperate,0
womens cross body messenger bag clutch small shoulder zipper bag white,0
probably even disagreement general ross catastrophic occurrence made something clear,0
cherry print matching lipstick rediscovered nars heat wave,0
sabotagei rule structural failure,0
get run ambulance lucky justsaying randomthought,0
another standuser detonate killer queen,0
photo prettyboyshyflizzy lol trapped beautifully,0
irony died thousand death,0
omg horrible accident man died wing airplane,1
diaporama sixpenceee karymsky lake crater lake located karymsky volcano russia,0
carful spotting damage time check time giving away baggage loss wy,0
bet didnt know kick box,0
nashville theater attack gun grabber demand hatchet control,1
find fund used typhoon haiyan philippine see haiyan relief fund report,1
thunder buddy thunder buddy,1
rohingya house kyee nockthie hamlet taungbazar region buthidaung severely damaged cyclone,1
latest home razed northern california wildfire abc news,1
nowplaying sinking fast never north east unsigned radio listen,0
sea wouldelectrocute u,0
remembering marlene menahem moshav safsufa murdered hamas terrorist suicide bombing egged bus,1
horrible accident man died wing airplane,1
looney tunesblake griffin commercial scream making space jam,0
myanmar displaced rohingya sittwe point return,1
escaping captor st step must survive deadly storm amp wildlooking recluse betrayed book,1
ive burned self harm way im dumbass shouldnt allowed around fire way,0
saw tweet feel really attacked,0
lose bus card panic kind bus driver replace bus card find bus card headdesk,0
tube strike live latest travel update london engulfed chaos lt genuine baffling telegraph headline,1
u want future first responder hightech,0
white american biggest threat world duh,0
cuddling right,0
generational british schism privacy threat drone drone privacy,0
bigamist first wife charged death second pregnant wife child mothe,1
nigerian military rescue hostage boko haram florida sentinel bulletin florid security terrorism,1
liked video u canada radiation update emergency fishing closure,1
nagaski another act mass murder sanctioned forgiven cause ally,1
myanmar displaced rohingya sittwe point return prisonlike conditionsprivation,1
worried ca drought might affect extreme weather dampen economy,1
disaster averted police kill gunman hoax device cinema,0
yall lake ohio thought yall abject desolation subway restaurant,0
thus making assault useless spear collided dark force however penetrate due dark,0
craving,0
must read forecast longest streak tripledigit heat since happens next,1
coursing causing di maria lol,0
sinking ship burning building amp falling object reminds old u,1
next financial crash writing wall say warned via,0
patience jonathan move hijack apc bayelsa state,1
girl got girlfriend chevy blue like whirlwind,0
yr old pkk suicide bomber detonated bomb turkey army trench released,1
spot fixingmatch fixing anyone pak sl wi rsa bd say sham say team collapse,0
survived spanish sweet ritual,0
gtas soon maintenance end everyone flood server gtservers destroyed extreme load gtmaintenance start anew,0
kca votejkt id mbataweel rip binladen family member killed airplane accident,1
sinking carb consultative assembly plan could subconscious self live straight leading way escape xkdrx,0
brain twister homefolk opinionated proposal modernized canada omw,0
yea im gon na demolish boundary seem unconsciously set negative thought,0
deep road tho hahahaha im traumatised deep road lolol,0
gray ophelia red flame blazing around person setting nearly everything area,1
fylde building set flattened one preston city centre iconic building disappearing skyline,0
reddits new content policy go effect many horrible subreddits banned quarantined,0
accident nashvilletraffic traffic moving slower usual,1
utc km volcano hawaii,1
love skiing,0
read whirlwind subject amongst others bomb saved million life yes thats true,1
message sent dont reply see saw message least tell fuck something,0
want make tweet much dislike today femnism movement doesnt want screamed,0
afraid sudden fear neither desolation wicked cometh lord shall thy,0
god bless mudslide cake dorret,0
genuine leather man bag messenger fit ipad mini tablet case cross body air jp full rea,0
watch video wendell berry speaking bp oil spill gulf mexico birthday,1
severe thunderstorm warning including midwest city ok del city ok choctaw ok pm cdt,1
global precipitation measurement satellite capture image typhoon soudelor,1
court back session testimony continues med examiner discussing gunshot wound kerricktrial,0
petitionno medal massacre justice wounded knee killing native american,1
many dog rescue dog,0
louis vuitton monogram sophie limited edition clutch cross body bag full read ebay,0
still uninvestigated year u help incite indonesia massacre,1
usatoday today frontpage bioterror lab faced secret sanction rickperry doesnt make cut foxnew,1
interested see win battle,0
im mad name amp dont blaze,0
snowflake avalanche ever feel responsible,0
breaking news tonight kid rescued play room week food water parent sex life haha,1
according prophecy also cnn mac tablet completely obliterate need gadget combining,0
vehicle hijacking vosloorus gauteng white toyota conquest bkb gp,1
bar method integrates fat burning format interval training muscle shaping techniqu,0
campaign ferrell zach galifianakis commit comic mayhem hilarious political farce,0
rt know fatality mortal kombat,0
chart prove financial crisis part begun financial armageddon economic collapse blog track tren,0
spokane authority say theyre struggling solve arson case like today hamilton,1
sake argsuppose preborn attained individl rightsgenerally courtof law forbids killing unless dead person something,0
battlefield funny moment duke hazard undercover soldier mav via,0
morgan silver dollar gem bu dmpl cameo rev blazing m high grade full read,0
love hate collided part ii lanjut dirumah yagitudeh jake rumah cipinang,0
angry woman openly accuses nema stealing relief material meant idp angry internally displaced wom,1
murderous story america first hijacking,1
final tomorrow ish stressful ill survive,0
second summer pick fan army sosfam,0
exploration take seismic shift gabon somalia,1
black men didnt make way white men black men getting attacked,0
climate change could catastrophic benefit really,0
white twister black shift knob thread size,0
chicago ap organizer lollapalooza say reopening music festival threat storm prompted evacuate,1
dw way better career chipper wasnt derailed shame,0
madhya pradesh train derailment village youth saved many life,1
hope get batista bombed lauren,0
message self detonate,0
sit rant snapchat apparent fan follower hope train crash xoxo,0
mention blown wtf,0
new woman handbag faux leather lady shoulder tote cross body bag large satchel full,0
ohh bush fire spain like every year one time went swimming plane getting water fight,1
offer deluxe toilet safety supporthealthhomebathroomsupportelderlyinjureds,1
please support please cosponsor support aid sick injured responder renew health,1
look policy matter ohio report cle cuyahoga county blight greening vacant land soon,0
refugio oil spill may costlier bigger projected,1
night curfew campus find,0
exporting food wont solve problem african end famine poverty solving control tribal war,1
true faced everything bin laden uncle hopefully afghanistan bombed child ugly,0
another hour august pm here red rover zombie apocalypse internetradio collegeradi,1
photo bombed,0
sea know many dead last disaster mediterranean turned massgrave,1
love food fun malaysian prime minister najib razak confirmed aircraft debris found union isla,1
brunette teen giselle locke tease home view download video,0
asshole fire,0
social casualty mtvhottest so,0
went school bombed east end london family one house bathroom outside loo amp poor whats yr point,1
hellfire surrounded desire careful let desire control afterlife,0
went beaten blown next thing know ra al ghul brought back life escaped,1
dress meme officially exploded internet,0
third generation atomic bombed survivor photo exhibition hiroshima,1
rt death per year physician error avoid one,1
blood group associated gastric carcinoma say text bookanother fragile gene body,0
info curfew oper taxiway foxtrot amp foxtrot navbl wnd exp inst apch rwy damp tmp qnh,0
fel lord zakuun die hellfire wod,1
intactmh partliftsoddsplaneglidednotcrashedintosea via hope answer,1
safety improvement made route buffalo harm good,0
love gal deco death even bit trickier great glad weapon getting splash wall,1
hot funtenna hijacking computer send data sound wave black hat prebreak best,0
totally agree rape kill destroy leave land desolate action need happen swarm swell,1
arsonist set nyc vegetarian restaurant fire police newyork,1
th day since jul nigeria suicide bomb attack killed people blamed boko haram la timesap,1
japan thursday mark th anniversary atomic bombing hiroshima senior official washington ever schedule,1
official vid thereal gtgtgt gtgtgt gtgtgt armageddon comin soon,0
morningampi went downstairs watch tellyampi accidentally made loud bangampmy dadwho broken legwalked,0
first impression glad hat man leaving lieu interesting lady hope mudslide lady triumph next week,0
must overlooking burning building blacklivesmatter,1
rocky fire northern california swell acre evacuated portland phoenix miami atlanta casper,1
say many wound could fatal rather quickly others slower couple lethal kerricktrial,0
store fire alarm went today work evacuate like omg isi happening,1
really need tone weight room rt demolition cont,0
expect gusty wind heavy downpour lightning moving northeast toward va,1
ir icemoon aftershock dubstep trapmusic dnb edm dance ice,0
explosion gaza strip kill four wound cause unknown via,1
keithyy gettin burned outta block social medium,0
eudrylantiqua hollywood movie trapped miner released chile holly eudrylantiqua,1
shall annihilated petebests dessicated laid bare shall kneel,0
dazzle destroy fun,0
quality metric penalty may harm patient care pcp say primary care physician generally hold positive view,0
panoramic resource cut job seismic event,1
give free art kamon,0
road power paved hypocrisy casualty francisunderwood hoc,0
outbreak legionnaire disease new york killed least people official think theyve fo,1
someone bottom every league tonight clearly demonstrated lion sunk,1
dust storm riyadh,1
almost collapsed bc said wish came true moderately fuck,0
change password link itll kick hijacker,0
wcw tha bitch fire,0
loved even little youd put demolition bo,0
bed time dont wake unless revolution armageddon start,0
liked video dj hazard death sport,0
ive heard still using purple heart manufactured bc casualty expected,1
roh jfb tfb alrasyid iturasya correction tent collapse story u roh smantibatam roh smantibatam,0
rt ourmothermary short reading apocalypse spirit angel took top enormous high mountain,0
crashed many time past couple hour,0
jkl cancel flash flood warning bell harlan knox ky wx,1
governor allows parole school bus hijacker liveleakfun,1
police monitoring jihadis poland via,1
nigeria rainstorm destroys house yobe state daily trust damaturu,1
report ibaraki prefecture offing depth km maximum seismic intensity earthquake,1
since year angela sander born roundhouse kick related death increased percent,1
look like profile shall nothing left offer dj mix obliterated byebyesoundcloud,0
arson suspect linked fire caught northern california,1
flooding kill displace one million pakistan least people killed nearly lakh,1
see virtual tour one listing fir st cannon beach listed dorrie caruana,0
drunk twister hard,0
whether pressure non wud survived even thalapathi didnt release,1
kijimamatako breaking news unconfirmed heard loud bang nearby appears blast wind neighbour as,0
new snap tool black baseball hatcap silvergray embroidered logo flame full,0
buyout giant bid derail bn worldpay ipo sky news,0
hot funtenna hijacking computer send data sound wave black hat prebreak best,1
former executive prosecuted fukushima nuclear disaster,1
maratha raider scorched land amp punjab refused food aid famine wonder bengali harbor hard feeling,1
happening hatzolah em ambulance responding dual siren,0
literally walked concert screamed soul blessed,0
uploading video asap guy get see new weapon type action,0
psd special olap world pres recognize hazardous waste multidimensi,1
oh gio backup skc next bwp getting crack nycfc injury went bwp lol wrong,0
armageddon,1
mile marker south mooresville iredell vehicle accident congestion pm,1
bulgarian tittie twister noemotion produced edk pathfinder hd via youtube,0
apparently theyre going ww siren announce something sure thats fun dull bc ww siren monotonous sound,0
anniversary hiroshima bombing illustrated timeline bombing eyewitness account particularly horrifying,1
every time buy bag life think ive got day left live,0
stylist whod silent say there cool show amazon prime called catastrophe,0
exploded bean bastard,0
grace first storm know bicycle fence tree fly well idiot drowning go swollen river,1
check reddit quarantine offensive content,0
shout blaze hottest dj sothwest,0
pizza beer tornado austin windy af right,1
oryx symbol arabian peninsula annihilated hunter,1
like big hail lie sirmixalot,0
irandeal cover nuclear activity bioterrorism iran broken least agreement,1
im forfeiting year fantasy football pool fear may win get as kicked,0
winter desolation death also tumblr al necros review interview amp,0
think youd like burning man try way know,0
meatloving feminist world riot grill arrived pop quiz prefer feminist,0
decided take break emotional destruction watch tangled watch desolation smaug,0
islamic state group egypt threatens kill croat hostage,1
theyve come back gtgt flying ant day capital deluged annual swarm winged insect,1
think akwa ibom come uruan demolish building exassembly member warns udom emmanuel,0
honestly nightmarish god driving new place always stressful shit amp hate much ugh almost crashed time,0
signed detonate nottingham autumn launch party register,0
louis vuitton monogram sophie limited edition clutch cross body bag full read ebay,0
seeing there video every fatality mileena make sad,0
think ill get obliterated tonight,0
youre correct coming side maybe im friend fb rep feed inundated false claim,0
alaska wolf face catastrophe denali wolf population plummeted savedenaliwolves tweetstorm,0
motogp indianapolis espargaro layout worry little,0
new snap tool black baseball hatcap silvergray embroidered logo flame full,0
govt allocating bn flood action issue take centre stage fatality veneto,1
use perforated metal shear panel sfor seismicresistant application,0
football back weekend sunk,0
ppl like unu feast today famine tomorrow,0
firefighter make gain rockyfire jerry brown heading area meet first responder tomorrow morning,1
wholesale gon rep hit cost hazardous wholeteam wholesaleent,0
remove linkury browser hijacker,0
dying lyme disease case fatality rate nearly,1
growingupblack walking past chicken frying like entering war zone,0
wed mainly cloudy percent chance shower evening risk thunderstorm low,0
full episode wn california wild fire force evacuate worldnews,1
incredible child screaming building burning dancing ash,1
noches elbestia happy see teammate training hard goodnight gunner,0
woman electrocuted red redblood videoclip,0
rt sleeping pill double risk car accident,0
kinetic typography crash course effect video course,0
rescuer find survivor nepal earthquake buried,1
rocky fire,1
im already panicking cry bc im stressed nice,0
em ny emts petition per hour minimum wage em paramedic ambulance,0
win lisowski whitewash whirlwind round shanghai master quals snooker,1
year atomic bomb japan still struggle war past anniversary devastation wrought,1
certainly great see h astroturfers panicking thought cross party support crumbling,0
burned calorie minute walking mph brisk pace myfitnesspal,1
flood disaster heavy rain cause flash flooding street manitou colorado spring area,1
kontrolled medium say u good putin bad ww good peace bad total b leave russia alone dont dice obliteration demonization,1
ye thing big sean still blew,0
bestnaijamade yr old pkk suicide bomber detonated bomb bestnaijamade bestnaijamade bestnaijamade,1
got ta try let go many bloody thing smh,0
wreckage conclusively confirmed mh malaysia pm investigator family,1
thank understanding gov tell u whats really going military house amp cia connects,0
gunsense answer gfzs break law minuscule chance mass murderer show,1
fukushimatepco fukushima nuclear disaster increased thyroid cancer u integrative cancer answer,1
lightning strike distance via rpics pic,1
ambulance sprinter automatic frontline vehicle choice lez compliant ebay,0
last chance work old ffa foodstand fairground finishing demolition help would appreciated,0
screamed,0
sismo detectado jap report okinawa island region depth km maximum seismic intensity jst,1
infantry men lume dial army analog quartz wrist watch sport blue nylon fabric full rea,0
video picking body water rescuer searching hundred migrant mediterranean boat carryi,1
remember heat wave year went bruh dont ac,0
set goal amp demolish,0
noooo almost drowned tho,0
bae soak mudslide backroom thisiswhywecanthavenicethings,0
omg sub weapon,0
watch airport get swallowed sandstorm minute,1
chicago fd still amp box alarmems plan st amp calumet el train derailment cinstg,1
creation ai climate change bioterrorism mass automation workforce contact life wealth inequality yea weve got easy,0
islamic state group egypt threatens kill croat hostage,1
always super awkward world collide,0
look desolate end world stuff gorgeous,0
latest home razed northern california wildfire latest wildfire burning california,1
aubrey really bodybagging meek,1
reddit quarantine offensive content,0
london life photo beautiful bombedout britain art,0
hiring read latest job opening rn nurse shift manager emergency service full time,0
watch airport get swallowed sandstorm minute,1
need arcade shooter fix cte empty amp running obliteration id even buy cod title werent overpriced steam,0
detonate ft mop,0
go look blew atomic bomb,0
thirst curfew,0
grill school function one grill going pretty much either forest fire inbetween made work,0
feel like episode victorious got trapped rv almost died heat stroke mtvhottest one direction,0
trust u get rescued dopey one val hilarious shame shes probably going die emmerdale,0
fizzy sitting regular flood seat one know,0
islamic state issue new holiday brochure lovely swimming pool drowning shooting range downside cost bomb,0
god order obliteration ancient canaanite,0
latest home razed northern california wildfire abc news gn,1
global nuclear reactor construction market grew,1
madhya pradesh train derailment village youth saved many life group villager saved passenger life two train,1
fedex longer transport bioterror pathogen wake anthrax lab mishap,0
im explode,0
lightning something serious,1
wheeler came along struck fire truck spinning around degree causing roll,1
dont bother offline managed evacuate everyone including hinata go ahead cause,1
canberra first mr fluffy home demolition schedule released,0
rescuer searching hundred migrant mediterranean boat carr,1
time panic,0
scare there new version nuclear attack warning like knowing government still prepare,1
bigamist first wife charged death second pregnant wife child mother nephew,0
coming later year man tattooed woman novel based real serial killer arkansas amp natural disaster nola,1
thinking today reading wild fire,1
heavy rain gusty wind vivid lightning moving east triad,1
suicide bombing suru killed people turkey launch airstrikes isil kurdistan worker party camp iraq,1
youre search powerful content improve business frustrated deluge quantit,1
cindy noonan heartbreak baltimore rioting yahistorical undergroundrailraod,1
see dat liable fuck crash,0
hahah mutual host preset bal nades radar demolish,0
chevrolet avalanche lt lt used automatic wd pickup truck premium,1
feel engulfed low selfimage take quiz,0
suspect latest u theatre attack psychological issue,1
whoever hold address fuckface com going deluged spam meant,0
dead russia bus accident least people killed others injured two bus collided,1
thank helping many people need world,0
dead dozen injured gaza blast near house leveled summer war via,1
usa breaking news chemical spillevacuationsred cross emergency,1
angry mistrustful rescued elephant find peace friendship new home photo via,0
man hasnt blown he still underground,0
get mugged ur gf come best excuse look like bitch wanted fight held hostage,0
medium release firefighter ask hiker signin local trailhead parker ridge wildfire parker idfire,1
bayelsa poll tension bayelsa patience jonathan plan hijack apc pdp plan former first lady,0
refugio oil spill may costlier bigger projected,1
mama im still thuggin world war zone homies inmate em dead wrong,0
siren test complete test concluded,0
screamed got microchip needle tbh would cried needle massive ya haram,0
plane new york kuwait diverts uk declaring state emergency,1
wreckage conclusively confirmed mh malaysia pm investigator family,1
thats one way make head explode,0
enugu state government appears set recover portion enugu international conference ce badotweet,0
obama declares disaster typhoondevastated saipan,1
luka die everything annihilated alois trancy,0
dont think ive ever close mental explosion long,0
subjected unwarranted sexual conversation,0
u institute peace chairman want russian body bag,0
remembrance hiroshima,1
hot specially modified land stadium rescue hostage iran prebreak best,1
afghan peace talk doubt mullah omars death financial time mullah,0
cantwont tell theyd respond oil spill trust see sec kamloops,1
bfgfcrush,1
expert france begin examining airplane debris found reunion island french air accident expert wedn,1
cant detonate unless touch ground,0
rescue day world cat day saturday aug th black blackwhite cat newbeginningsanimalrescue,0
photoshop tool crash course complete photoshop tool guide course,0
personal favorite include paramore muse green day royal blood so,0
fr cuz risk electrocuted every shower,0
annihilation jeb christie amp kasich less hour away please god allow least one full day,0
riot police intervene southampton vitesse arnhem supporter clash fan clash buildup second,1
ditto way feel drank vodka ice would body bag,0
eversafe emergency auto kit weather unsafe hazardous rushhour gridlock jumperca,1
best part old baseball manager wearing uniform implication something catastrophic happens theyll grab glove,0
sigalert north amp southbound closed btwn fwy irvine blvd due truck fire chp detouring traffic,1
chemical spill cleanup video prepare emergency situation lab,1
yay good cooler weather pdxabq nm feeling heat wave bcuz rain dance arent working,0
zar cringes blow doesnt let marek go us seismic toss,0
carl everest rob cobes whitt blight frost leo snuff godly others drink beer someday,0
disneyland taco bomb,1
bbc news india rail crash train derail madhya pradesh flash flood,1
every time really good day someone ruin,0
people know kendall jenner time instagram follower gd screaming lmao,0
rt drayesha indiakomuntorjawabdo indian army ki,0
turkish couple spent wedding day feeding syrian refugee turkish couple got marrie,0
apparently part building collapsed hope everyone ok,1
emergency shutdown system edmonton,1
city implores motorist speed report animal fatality near nature reserve gt,1
new fashion lady gold watch waterproof weiqin famous brand michel quartz de lujo ca,0
yes god doessnt change say rejoice fall people calamity like wild fire ect wan na punished,0
scream everyone oh wait school ok im ok,0
asbury park shooting reported via,1
need thunderstorm please,0
volcano bowl drink,1
tomorrow going year since went panic concert dressed afycso ryan guy remember,1
quiet enough literally hear phandom screaming tyler tweet,0
spark song ultimate preparedness library prepare catastrophe,0
bakeofffriends one mudslide,0
nah srsly demolish ur partner face ampstart dribbling nostril stop ampask urself whether really worth embarrassment,0
tomorrow day start armageddon preseasonworkouts,0
love body shop bag cutekitten catsofinstagram summerinsweden katt katterp instagram dumle dagens,0
kenya several building reported fire close dam estate langata pm,1
still blazing,0
held hostage,0
wreck league ball olympic level body bagging like career nothing trollingtilmeekdiss,0
good police taking care also extra security harrybecareful,0
moment ur win mini uhc get blown creeper get kicked flying salty rn,0
disinfo warfighting robot could reduce civilian casualty calling ban criticalmedia,1
debris found reunion island flight mh mystery behind plane disappearance could better novel,1
egg desolate,0
imagine kp root wed demolish everyone,0
trafford centre film fan angry odeon cinema evacuated following false fire alarm,1
korean performing hijacking tokyo olympic game,1
u navy sideline newest sub,0
bin laden family plane crashed avoiding microlight landing far runway three member,1
china stock market crash summer sparked interest bargain hunter bull betting rebound,0
cnn tennessee movie theater shooting suspect killed police,1
peeped frontin jeep sunk seat tinted heat beat bumpin,0
gon na call tomorrow aul emergency dental appointment excuse like whole tooth falling incident last year,1
heart bigger obstacle front euro dontexpectnothing july fire,0
myanmar displaced rohingya sittwe point return prison like condition genocide ihhen msf refugee,1
specially modified land stadium rescue hostage iran submitt aviationaddicts,1
suicide bombing location named premonition,1
oun cancel severe thunderstorm warning lincoln logan oklahoma ok wx,1
another shooting movie theater getting crazier im glad got shooter amp casualty,1
fortunately reworked plumbing emergency chemical shower draw glitter pipe occasion,0
chance many u still digging catastrophe wow need evolve cant vanilla anymore,1
longest streak tripledigit heat since forecast dallas,1
added video playlist world tank battle assistant mod bat chat arti kaboom,0
hearing thunder truck,0
honestly tho modibo maiga stealing living fuck im past best still danger fucktard coyi,1
ink entertainment address veld evacuation refund status trc via,0
new crime knowing right punishable death,0
today august th th anniversary abomb little boy dropped hiroshima killed outright city flattened,1
pakistan say army helicopter crashed country restive northwest killing least,1
army source say person board including team doctor die helicopter crashed near mansehra weather seems cause crash,1
learning legacy catastrophic eruption new yorker,1
tomorrow evening commute receives red light rainstorm impacting region push way late evening,1
literally almost head collision u today pilot knob,1
heavy smoke pouring building fire port coquitlam,1
motorcyclist bicyclist injured denver collision broadway least two people taken local,1
complaining phoenix mode fire emblem turn ray gigant difficulty option take damage,0
older native australian believe ocean created urine angry god tried drown world,0
somebody get doctor im feelin pretty poor somebody get stretcher hit floor,0
mourning notice stabbing arson victim stir politics grief israel,1
im gon na lie im kinda ready attack senior year,0
oh shit rly sheeting aaaaaand there thunder lightning missed summer storm,1
yearold boy charged manslaughter toddler report yearold boy charged manslaughter fatal sh,1
pain second must awful heart burst lung collapsed air,1
hill hill mountain volcano hell mountain hill hil,1
u navy sideline newest sub,0
im going put ffvii one weekend think pandemonium dont forget exclamation mark would midweek,0
knew mo much would bite u influenced shitty staff injury acquisition,0
rapper stop sampling police siren start sampling whale song,0
cooler freddie jackson sippin milkshake snowstorm,0
path obliteration back dead story,1
time away droughtcheck cloud iot helping conserve water,1
ignition knock detonation sensorknock sensor delphi,0
strong thunderstorm mile east pickens moving ne mph pea size hail wind gust mph scwx,1
breaking authority respond ocean fire,1
sadly tent fly survive hailstorm tear roof water tent,1
feel like sinking unhappiness take quiz,0
lomasvisto thousand hipster feared lost giant sinkhole devours brooklyn intersectio cadenadeseguidores,1
weapon twin knife ojoubot,0
ml sicily italy euroquake,0
inec office abia set ablaze,1
glad got obliterated men first class fully deserved soz,0
arrest report affiliation terrorism,1
solano sr skaggs island rd trfc collision enrt,1
drowning acrylic,1
everyone setting flame upon,0
imagine school suicide bombing taught teacher would say student please pay,1
im traumatised cant even spell properly excuse typo,0
passenger derailed train morning commute fcked go home,1
news science london warship exploded sailor recycling artillery cartridge life tech,1
route complex fire update route complex wildfire fire update route complex thursday morning aug cafire,1
severe thunderstorm flash flooding possible midsouth midwest weather environment climate nature,1
uae cool mideast heatwave rain watch latest video ncms issue warning thundering rain poor visibility,1
wrecked stomach help,0
holy crap phone exploded haha,0
probably stay away hot glue gun burned one finger pretty bad,0
specially modified land stadium rescue hostage iran,1
fatal attraction,0
disaster cant say im surprised,0
domain sophistication annihilated closely uptotheminute feat zrnf,0
fedex longer transport bioterror germ wake anthrax lab mishap,0
ante hudhud cyclone chandrababu valle ne ante ga,1
entered win entire set butterlondon lip crayon via go enter bbloggers,0
dk eyewitness travel guide chicago dorling kindersley publishing staff travel book ebay auction,0
bleeding typewriter day far ive written bunch gunk,0
faculty member pushing university overturn ban trauma center protester,1
senator alarmed report u military family harassed u senator said wednesday alarmed,1
woodlawn shooting wound yearold woman teen woodlawn chicago,1
anyway old lady went something ask alone coming tsunami,0
nd year officer team running club collapsed influential member betrayed everyones trust severing community,0
drake spoke rep raptorsbeg differ night shot rang musik wasnt goodlookrunning panic fun,0
latest home razed northern california wildfire abc news,1
still beard visited prison keep hideous beard electrocute uglypeople,1
black eye space battle occurred star involving fleet totaling ship destroyed,0
hot funtenna hijacking computer send data sound wave black hat prebreak best,0
much would cost fat displaced asking friend,0
pledge allegiance pope burning building epic city,1
friday club vault rd floor epicentre,0
ive come realization dont attention span mass battle game painting playing,0
liked video lexi belle oklahoma tornado victim,1
watching stream bad dont think could actually walk id panic get sick,1
ahmazing story power animal rescuer starving homeless dog future rescued person,1
wowo nigerian refugee repatriated cameroon,0
going back gainesville death,1
rt notexplained known image infamous hijacker db cooper,1
selfinflict wound side blunt force trauma consistent fall dimension,0
usgs eq km anchorage alaska time utc earthquake,1
shouout cause vocal blazing hot like weather shes,0
west burned thousand wildfire ablaze california alone,1
mh reunion debris missing malaysia flight,1
fuck nuclear weapon,0
nearly year release captivity legislation introduced congress compensate,0
aircraft debris found island mh malaysia confirms,1
wreckage conclusively confirmed mh malaysia pm investigator family,1
ouvindo sleeping siren awn,0
id like think im photogenic every time see pic think gosh disaster xd,0
looooooooooool bloody hell,0
get smoke shit peace,1
like coffee noodle burned,0
patrick roy upper deck spx finite made colorado avalanche mint,0
ty follow go brutally abuseddesolateamplost lovely mum diesis murder,0
there storm cairo latest xmen apocalypse set photo via,1
mygc broken powerlines evacuate gold coast tram suspend service,1
road closure remain effect due hazard tree falling tree torching uphill run fire forest service road remains close,1
mass murder come,1
rascal flatts riot tour atlantic city beach concertaugust ticket,0
without ally near cant use skill get hired really cause making every riot staff member look incompetent,0
ctd arrest three vital criminal orangi karachi counterterrorism department ctd sindh police,1
summer program worked went city pool evacuate one kid left surprise worstsummerjob,0
thats val dead im suing,1
added video playlist nicki minaj flame official video,0
guess one actually want free aftershock tc,0
duck big flat foot stamp forest fire elephant big flat foot stamp flaming duck,0
thirst curfew,0
two giant crane holding bridge collapse nearby home,1
beach read august giveaway hop amp giving away book mayhem series,0
time obliterate sin,0
bush fire scaryeven scarier go fight,1
destroy free fandom honestly,1
want burst flame anna hugged tightly,0
like shedid public fact journalist bush washard stopping terrorist,1
evacuation advisory swayback ridge areavoluntaryinciwebmad river complex announcement wildfire calfires,1
hi david saw usa walk war destroyed life million prevent repeat irandeal,1
twilight encore wounded heart book jacquie biggar via kindlecountdown sale mfrwauthor mgtab,0
watch sarah palin obliterate planned parenthood targeting minority woman bb sp,0
reason gone warped today tony played issue showed sleeping siren played attila issue issue issue,1
update bend fd natural gas line cut prompted evacuation main post office afternoon,1
happy birthday young blood,0
gns see unnecessary death resulting earthquake strengthening legislation,1
two jewish terrorist charged historicchurch arson ugly truth,0
turning rubble disaster lego brick build house one belongs crazyideascollege,0
adventure mineness famine,1
morgan silver dollar ch gem bu pl blazing m satin rare proof like full,0
collection articals video west coast wild fire,1
saving baby burning building soaking cake shit tonne alcohol mat man heart gbbo,0
disillusioned lead character check happy go lucky free spirit girl check dream life crushed check great music check crowe trope intact,0
best grill fkn pleb,0
california fire rage forest service sound alarm sharply rising wildfire cost,1
take china get demolished sent back fucking stone age,0
severe weather bulletin typhoon hannaph soudelor tropical cyclone warning issued pm,1
know youre bleeding heart wannabe pickup artist,0
queer sultry summer summer electrocuted rosenbergs didnt know new york,0
ir icemoon aftershock dubstep trapmusic dnb edm dance ice,0
saw bomb squad car heading north elliott siren word theyre headed,1
want see hiroshima nagasaki nuclear bomb disaster beautiful worldlets peaceful amp save human civilization,1
camping war zone roving raccoon toughens city slicker,0
u national park service tonto national forest stop annihilation salt river wild horse via,0
amazon prime day quick takeaway amazon magnificent train wreck,0
thats tragedy wonderful nose,0
rt love truelove romance lith voodoo seduction astrology rtrrt lotz apocalypse armageddon pla,0
medieval upheaval hardy boy secret file book franklin dixon aladdin kindle edition,0
even word slip soul coincide finer subatomic spell collide,0
u govt refuse evacuate american yemen yemen usa evacuation abandoned,1
crew day boarding window park galleria apts fire displaced,1
wugliness due ugly frat bioterrorismim who id tolewantg another home,1
update mac pro company bought may catastrophe failure requiring repair,1
world fear missing migrant med rescuer search survivor boat carrying many news,1
krefeld incident happened chemical industry park emergency operation underway building reportly collapsed,1
news cramer igers word wrecked disney stock tilnow cnbc,0
marley brinx give striptease spread leg pussy pounding view download video,0
gop blocking chance disabledveterans groin injury child thepartyofmeanness,0
body like go fuck sleep sami mind like make emergency plan every natural disaster go,1
world warship make mad sometimes soooo satisfying cross battleship obliterate,0
general news demolition house waterway begin achimota mile via full story,0
bioterrorism authority allay glanders fear ahead rio olympic equestrian test event via,1
new level titadom bowling injury,0
family sue legionnaire family affected fatal outbreak legionnaire disea,1
sa mp steel ferrochrome industry verge collapse dont even put list question president oral answer,0
summer summervibes california puppy pitmix rescued brixton banksy happy mybabies,0
cultivating joy face catastrophe suffering pjnet tcot ccot,0
fear way making u see danger none contemplating logic behind situation find courage engage,0
ready heat wave dont want sun come back im enjoying break cooler temp,1
passenger evacuated amp lane blocked power line come gold coast tram,1
drowned kiddie pool lost ploppy,0
feel like sinking unhappiness take quiz,0
rocky fire northern california swell acre evacuated portland phoenix miami atlanta casper,1
name hurricane black people name id terrified hurricane shanaynay,0
lava cake fav,0
red faction armageddon microsoft xbox full read ebay,0
veteran vet act would ensure every military veteran access highest level emergency care service proper treatmen followme,0
wreck,0
jrowah breaking news unconfirmed heard loud bang nearby appears blast wind neighbour as,1
diageos ceo stress board revolt united spirit impacted indian operation,0
grace damage level usa style taiwan china world hurricanetyphoon ratingscategories defined,1
new nanotech device able target destroy blood clot,0
pic yr old pkk suicide bomber detonated bomb turkey army trench released,1
rained guy tree hit lightning jackholes drove onto flooded street,1
recap nigerian refugee repatriated cameroon,1
migrant drown sea boat capsizes libya,1
html beginner crash course course,1
rp said see smoke coming silo th street hartford flame,1
brain going explode need leave house ill smoking pack need,0
hse release annual workplace facility data look,0
would city look like subject hiroshima bombing hintdevastation beyondthebomb,1
god cocky right love uribe obliterated ball strutted fuck batter box,0
saw car fully engulfed flame hahah,1
baby elephant dy day surviving massacre family,1
little concerned number forest fire ill living,1
hear lightening see thunder,1
anchorage job emergency medicine nurse practitioner healthcare recruitment counselor wasilla ak em,0
sing tsunami beginner computer tutorial everyone want learn build pc,0
man selling wild morel ambleside farmr martsunmushroom foragesecret know tree grow amp best forest fire,0
people want hear truth want illusion destroyed fn,0
tie dye explosion ig help im drowning tie dye,1
gmtty mhtw fnet official alabama home quarantined possible ebola case washington time,1
imsort interested font theyre using,0
pandemonium use fav cd get,1
enjoying little golf summer take care avoid injury back shoulder injury happen quickly,1
islam saving person equal reward saving human islam opposite terrorism,0
wow alright sansa shook head blinked rapidly new information sunk really dont know,0
bestnaijamade yr old pkk suicide bomber detonated bomb bestnaijamade bestnaijamade bestnaijamade,1
people sydney woke whole sky red dust stormlike unreal,1
catastrophicfallenangel reveillertm macabrelolita supposed write amino acid nearly,0
let collide untill fill space,0
ash australia collapse trent bridge among worst history england bundled australia,1
oh usual mass murder world domination plan coffee hows day going,1
sydney hostage crisis recovered airasia wreckage,1
falling asleep sound thousand river plate fan stadium thunderstorm vivaargentina,0
ive trying write theological short story monster living sinkhole heard brooklyn accidentalprophecy,0
kid disappear dust storm atmospheric aussie thriller rt,1
saw two great punk band making original music last week check em,0
owner chicagoarea gay bar admits arson scheme lgbt,1
prophet peace upon said save hellfire even giving half date charity,0
black eye space battle occurred star involving fleet totaling ship destroyed,0
think plan retirement check weapon mass instruction bookmobile library reading,0
youre injured anymore,0
hi ashayo believe vods youtube presentation nothing like seeing live,1
perhaps change name yahoo doesnt care inundated complaint respond,0
easy way look good ray rice fiascothat blew,0
wonderful day,0
thank dont city wide curfew,0
oline pas rush rest roster stout barring injury,0
reddit quarantine offensive content,0
girl tv sadly turn music drown noise family fighting literally every day,0
flattened thee striker,1
check nsfw,0
listen hurricane,1
refugio oil spill may costlier bigger projected,1
lizard wizard blizzard lwb,0
flooding kill displace one million pakistan daily news amp analysis,1
woman crush wedneday go beautiful loveyouuuu aintsheperty,0
thunder outside house afternoon gawx,1
large fire burning several building causing evacuation downtown hinton,1
cant blame coaching management penalty defence injury cursed probably good way put rider,0
shantae doesnt get smash destroy wii shantaeforsmash shantae shantaehalfgeniehero nintendo,0
ford military nice mutt matching trailer full read ebay,0
california wildfire destroys home crew advance free tool online,1
thought loudest goal ever screamed higuains offside goal germany,0
way destroyed,0
top story couple spend wedding day feeding syrian refugee see,0
also aware casualty estimate invasion japan home island,1
go nuclear arm race going make rubble bounce winston churchill,0
news politifiact harry reid percent woman served planned parenthood claim pant fire lie,0
whistleblower lawsuit accuses supervisor sleeping job according official,0
whats police ambulance number lesotho body know,0
nigga selling weed smoke amp stay high yall nigga way,0
black ops search destroy gameplay hunted snd competitive multiplayer via,0
remembering pittsburgh eyewitness history steel city len barcousky pb penn,0
remove linkury browser hijacker,1
monsoon flooding kill dozen myanmar prompting call help,1
price vegetable rise typhoon soudelor concern,1
thunder,0
looking defendant catastrophic injury solicitor job,0
iraq hashd shaabi theft isi suicide car bomb isi,1
yea bombing pearlharbor good idea,1
bad day,0
year atomic bomb japan still struggle war past anniversary devastation wrought,1
reddit quarantine offensive content,0
spread conflict palmoil sparked increase fire destroying forest throughout indonesia,1
really wan na brownie batter blizzard,0
stockton police investigating fatal driveby shooting north stockton,1
injured barcelona fullback alba super cup,0
ykelquiban breaking news unconfirmed heard loud bang nearby appears blast wind neighbour as,0
say bad thing happen reason wise word gon na stop te bleeding,0
wreckage conclusively confirmed mh malaysia pm investigator family,1
past week absolute whirlwind athens bound,1
souda leave lady sonia alone shall obliterate kneelbot,0
puncture wound,0
early wake call sister begging come amp ride wher ambulance hospital rodkiai,1
colorado movie massacre trial juror reach verdict mitigating factor,1
nose bleeding last one like year ago,0
remove softenza hijacker softenza anthelmintic nature book drawing help sea,0
providence health amp service emergency service supervisor emergency department kodiak ak healthcare job,0
kid inundated image information online medium way deconstruct kerri sackville tm,0
dating meet sex hot teen as exploded fat cock,0
everyone see ignoranceshe latinoand ever benothing morebut attack dog hate group gop,0
feel like death,0
mrrobinson giving thesteveharveyshow vibe music teacher look student crush girl went high school,0
got derailed outside grimrail depot,1
press play new single mop detonate,0
wow rest summer usually worry forest fire calgary hour away,1
panda trapped dog body,1
maxsys hiring demolition worker apply halifax job,0
fuck neil go fall cliff somethingyr,0
obama declares disaster typhoondevastated saipan obama sign disaster declaration northern marians,1
came kill indiansfor fun video smirking remorseless pakistani killer show boasting,1
accident center lane blocked santaclara u nb great america pkwy bayarea traffic,1
whereas jez obliterate national debt give lot new benefit simply printing money genius,1
wow crushed edwing bluejays,0
bad as mood today got elevator school decided make explosion nose everytime one pressed button,0
family sue legionnaire family affected fatal outbreak legionnaire disease edinburgh,1
lmao well know one ive crush one sooo,0
ferguson riot worked next time say rioting doesnt change anything fixed,1
obama declares disaster typhoondevastated saipan obama sign disaster declaration northern marians,1
one year sinjar massacre yazidis blast lack action hostage,1
new lady shoulder tote handbag woman cross body bag faux leather fashion purse full,0
typhoon soudelor hit taiwan bad generalnews,1
tix frozen fury xvii los angeles king avalanche rowaa mgm grand,0
thunder buddy,0
tracy blight thank following,0
ash test match currently interesting stupid congress rioting,1
tbt time best friend panicked disco,0
many train derailed shut orangeblue dc avenger made less mess,1
fear factory car official musicvideo,0
recap pic yr old pkk suicide bomber detonated bomb turkey army trench released,1
woman gps app guide rescuer injured biker marin county sfgate,1
finnish minister fennovoima nuclear reactor go ahead worldnews news breakingnews,1
south side factory worker electrocuted pay penalty columbus,1
maj muzzamil pilot offr mi crashed near mansehra today,1
new york city outbreak legionnaire disease,1
thunderstorm little rain expected central california high fire danger weather cawx,1
motorcyclist bicyclist injured denver collision broadway,1
death certificate safe weapon tesla def con security,0
auth louis vuitton brown saumur cross body shoulder bag monogram full read,0
depth new world work young people business economy coping huge upheaval via,0
bbcnews as british insurer say rioting cost insurer million police number reduced blind fat controller,1
cleveland height shaker height fight blight house next door,0
still lot,0
windstorm lastingness perquisite acquiesce twister retreat ziuw,1
completely understand woke like minute ago im burning,0
ted cruz bash obama comparison gop iranian shouting death america,0
reality training train fall elevated track windstorm,1
rt ruin day,0
violent video ukraine rioter brutally beat police storm local admin building fighting back,1
ferno would appreciate everyone em could dust engineering degree amp inspect stretcher component,0
marinading accident,0
may gotten little exited home made lava lamp,0
palestinian teen killed amid protest arson attack,1
business deluged invoice make stand colour shape likely rise top pay pileq,1
bhavanas mom crushed everyones soul,0
obama declares disaster typhoondevastated saipan obama sign disaster declaration northern marians,1
andre gore fall cliff elite side ball,0
jacksonville family band together memorial planned toddler florida,0
whats missing asae exhibitor email value assnchat,0
fyi accident property damage limestone lncolyellowstone wayfieldstone dr,1
upon time fact decided go university hour away actually sunk,0
drought fuel bush fire jamaica,1
kuala lumpur reuters piece wing washed indian ocean island beach last week part wreckage malaysian,1
whoever directing video need grab nicki minaj someone u recognition mind blown,0
got electrocuted last night work first time life shit weird,0
im feeling attacked,0
dont get wave missing anymore theyre like tsunami tide eye,0
dhs refuse call chattanooga islamic terrorism respect muslim via,1
electric v gas brewing wanting electrocute question,0
attacked robotlvl ive earned total free satoshis robotcoingame bitcoin freebitcoin,0
wish earth sea sky would send someone lava,0
mxaaaa south african cant appreciate effort stretcher bad stop hating,0
thus explaining annihilated case survivor evolved became godlike,1
let try best prevent another outbreak violence talking people politics,1
welcome organizing twitter find important stuff amongst deluge btw loving music signed ep,0
crushed,0
really activity directory,0
cartoon bear without would qave knowlddge forest fire toilet paper,0
cramer word wrecked dis stock,0
natural lubrication metrofmtalk,0
business sponge dock washed rain flooding,1
amp think possibility full transformation impossible dont quite like medical mystery bioterrorism suck,0
yup still hasnt sunk,0
head exploded swear,0
police officer wounded suspect dead exchanging shot abc news,1
elem pomo helping displaced rocky fire please consider elem evacuation center via,1
taught school piracy slavery suicidebombing purely historical one expected reoccur,1
closest structure hypo centre wasnt completely obliterated,1
education powerful weapon use change world nelson mandela quote,0
river lava sky evening indeed beautiful sunset sky tonight,0
thought local resident time heavy rain,1
yeah fast extremely high damage want fast im gon na get,1
remove linkury browser hijacker,0
made weird high pitched noise heard siren ofnsixjks,0
electricity cant stop scofield nigga survived hotbox sona,0
jeep cherokee owner file lawsuit fiat chrysler harman hacker consumerist mcgsecure,0
forestservice rt dhsscitech firefighter run burning building work tech,1
mv strutting like mean building burning bg flame everywhere cool would,1
anyone harm boy would get taken immediately security fan real quick,0
example low food price cause farmer go broke famine next year mean simple capitalism failed feed peoplegt,0
friend could destroy hour lmao,0
yelp bolster health care review investigative journalism sick injured patient local er,1
winnipeg police seek witness arlington william fatal crash,1
severe thunderstorm warning oklahoma county pm okwx,1
mages fairy tail specialize property damage natsu dragneel,0
casualty roleplay somebody please bored,0
bitch done blew shit,0
irandeal member congress dont want deal dont kid would coming home body bag war make money,0
wwii memory plus lesson hiroshima still need nuclear weapon denver billing rapidcity seattle cheyenne,1
world war ii book lightning joe autobiography general lawton collins,0
alarming rise dead marine life since fukushima nuclear disaster,1
liked video mini pony pack punch live report salem county fair cbs eyewitness,0
hey movietheatre mass murderer wannabe dont play shit,1
infected bloody ear piercings always fun,0
liked video eminem feat nate dogg till collapse,0
hey royal love damage out,1
think blew notification go check shes encouraging love,0
hahaha great song spent year getting loaded year till liver exploded whats bob going,0
caption needed freshman nigga stacey body bagging nigga,1
motordom lobbied change language around traffic fatality need go back future visionzero,0
brings alabama thunder back attic september ticket,0
reddits new content policy show maybe reddit cant via,0
airplane crash house colombia people die accident,1
beautiful architecture nyc love fire escape route building newyork,1
presume timeline inundated soggy bottom amp lashing moist tweet,0
school seven bell windstorm nowplaying,0
nightmare elm street getting remade,0
france agreed repay russia two warship never delivered economic sanction,0
help win share article lifetime fear thanks blackinamerica growingupblack,0
scream,0
set forest fire,1
incident injuryi inner loop exit md georgia ave silver spring,1
ux fail emv people want insert remove quickly like gas pump stripe reader person told crashed po,1
usgs report earthquake km volcano hawaii utc quake,1
ive pool day raisinfingers,0
really happened taken king story trailer space battle ripped hole saturn,0
remember massacre civilian hiroshima,1
update gnwt issued voluntary evacuation order cabin owner pickerel lake near reid,1
hot specially modified land stadium rescue hostage iran prebreak best,0
omfg didnt expect drag first song pandora played omfg screamed loud coworker scared,1
messi tattoo cant donate blood ronaldo run burning building save dog respect,1
ay fully panicking lol,0
truth news bbc cnn islam truth god isi terrorism quran lie,1
gaelite explosion greg top rd ball strike one morgan orchard,1
tweet taiji dolphin worship group based superstition take look tweet,1
discovered listenbuy riot blowmandyup,0
parent taking kid burning man one year old think better,0
rly tragedy mp live recount horror saw coach train plunging water called,1
jet fuel cant melt steel structural failure illogical second plane crashing building fake bomb,1
colnharun breaking news unconfirmed heard loud bang nearby appears blast wind neighbour as,0
rspca site multiple story high rise building next low density character residential area flood,0
there big storm brewing dark cloud thunder rain carrying thick dust could interesting,1
exploded amp brought beginning universe match whats mentioned versethe heaven earth thus universe,0
think also became marquis carlos amp charlies finally dublin sadly demolished,0
day remember nuclear weapon powerhiroshima th,1
gon na puppy destroying iphone lightning cable,0
ibrahimmisau faan order evacuation abandoned aircraft mma via twitter,1
one man tsutomi yamaguchi said survived atomic bomb blast hiroshima nagasaki otd,1
come sandstorm tryout aug th lower woodland m tryout pm h tryout pm,1
looked back amp daughter amp said everyone loved picture posted amp like collided another car like,0
sinking music video tv career brooke hogan thanking dad free publicityalthough doubt help,0
treasure revealed california drought drain lake,1
owner chicagoarea gay bar admits arson scheme via lgbt,0
major hamayun shaheed pilot mi heli crashed mansehra,1
prophet peace upon said save hellfire even giving half date charity,0
molecularly targeted cancer therapy lungcancer gave rocky life back,0
new smp ignition knock detonation sensor k,0
prophet peace upon said save hellfire even giving half date charity,1
desolate valley transformed thriving hub hi tech business,0
investment news keurig green mountain inc thirdquarter earnings share sinking afterhours stock new,0
may seem like fire little burnt,0
year boy scout created mini nuclear reactor home,0
ercjmnea breaking news unconfirmed heard loud bang nearby appears blast wind neighbour as,0
niece gaining ability stand im getting prepared toddler apocalypse armageddon,0
desert storm unqualified victory treaty signed clinton situation got worse violent tcot,1
temptation always lead destruction,0
know go zombie take,0
today trauma top trauma top trauma richmond know work going crazy next two day,0
nc senate follows house legal action terrorism damage winston,1
feel like ive flattened sumo wrestler pain gain muaytai wantmyabsback strong,0
yep considering million japanese fatality projected downfall,1
russian food crematorium provoke outrage amid crisis famine memory,1
pic yr old pkk suicide bomber detonated bomb turkey army trench released,1
wreckage conclusively confirmed mh malaysia pm,1
sunni continue believe righteous continually harm shia defeat ideal islam,1
emotion train wreck body train wreck im wreck,0
rt janenelson rt stephenscifi adaptation watch charlie human apocalypse optioned film sciencefiction,0
haha traumatised hell want job xxx,0
smh photographer wolter peeters front line nsw rural fire service crew la,1
fire truck ambulance phase hope everyones okay prayforsaipan,1
optical illusion cloud rolling mountain look like tsunami geneva switzerland,1
dorman ignition knock detonation sensor connector,1
light rain forecast based dressing light rain incessant deluge,0
want go back vega feel like would disaster lol much money would need brought,0
three beached whale rescued kerry,1
hail shadow hybrid mix feat mike szuter youtube,1
tornado el nino may give canada twister season boost toronto,1
american tragedy,1
weatherit need make mind first snow tornado would say heat wave,1
ranking artectura pop florence machine ship wreck music playlist youtube,0
suffield alberta accident,1
large ship wreck fish tank ornament sale large ship wreck fish tank aqua,0
bright amp blazing fireman birthday party wedding,0
prez mr president biggest terrorist trouble maker world create terrorist sponsor terrorist,1
chemical brother play armory sf tomorrow night emergency bay area edm announcement chem,0
lara like sinking teeth flesh clawing arm,0
debris confirmed mh relative hope discovery crash site via video,1
britney spear gt vega missed much wait show tonight pieceofme catastrophe,0
great one time deal avalanche music purchase get neal rigga shirt,0
read awesome book yet two trillion dollar meltdown,0
forgot add burning building screaming baby,1
obsolete devastation broad ball root bat hand great day ash engvaus,0
freezing room amp erally want unplug ac dont want electrocute myelf die,0
head hit wall behind loud bang language drake shouted getting im going stay,1
mad men,0
twelve feared killed pakistani air ambulance helicopter crash,1
lol natural disasterhospital crisis something needed get rid cast member,1
alleged east bay serial arsonist arrested sanfrancisco,1
dad screaming coach always gave vocal chord quite workout field funnydadcoach,0
reverse situation lol dont know u civilian death specifically utilized make political,1
train derailed morning,1
santa cruz head st elizabeth police superintendent lanford salmon,0
abortion get traumatised time okay decision due reason like rape,0
car derailed series chance used issue wheel climbing mt vern sq derailment,1
funny im traumatised,0
since chemicalweapons red line warning august lcc confirmed least people killed syria,1
wfp wfp delivers food bangladesh flood victim tropical cyclone komen dhaka united na,1
hiroshima mark year since bomb,1
currently want drive car cliff fall death,0
watch airport get swallowed sandstorm minute,1
vaxshill death measles complication yr everyone loos shit dead legionnaire month amp cricket,1
added video playlist panic disco girlsgirlsboys official video,0
horrible sinking feeling home phone realise whole time,0
foodscare offer go nestleindia slip loss magginoodle ban unsafe hazardous humanconsumption,0
ahamedis think messiah already come year ago armageddon dajaal gog amp magog,0
twin pitcher ego wrecked,0
first counter league game another orianna happened demolish xd totally appreciate people play,0
earthquake tsunami occurred japan free speech also swallowed,1
got drowned like time damn game today,1
church medium medium silent papicongress demolished house journo uk,1
bbcnews as british insurer say rioting cost insurer amp million police number reduced blind fat contr,1
u ddnt get english rt world inundated ostentatious people stay woke,0
bed look like war zone,0
thunder lightening torrential rain power cut,1
dotish blight car go right ahead mine,0
flattened,0
people explode,0
hillary mass murderer,1
new tropical cyclone forming near guam formed called molave,1
also dont think sewing thought leather belt would work well lol,0
youre hour late curfew pray dog doesnt bark unlocking door,0
panic attack worst,0
beautiful aquarius queenmy siren cliff pretense overturesplease sing phantom songfor alone shall,0
praying god healing safety first responder,0
kirsten gillibrand extend health care first responder,1
panic disco te amo,0
martyr kept udhampur terrorist bay averted massacre two young sps,1
dont pray harm member isisi pray experience liferebooting love god amp become paul god mindblowing final act,0
japan ever truly come term devastation mass murder million chinese others traditional weapon,1
zayn malik amp perrie edward end engagement devastated,1
smoke toooooo much lmao scared text number bck make sense lol,0
ive experienced smell rotting potato first time famine must awful whole country smelled like,1
grenade sound effect impossible destroyed hoe career,0
fatality,0
wut lonely lunch got ditched im hungrier hostage,0
meltdown mwednesday,1
plenty black people rioting tosu championship well,0
usatoday today frontpage bioterror lab faced secret sanction rickperry doesnt make cut foxnew,1
salem nuclear reactor shut electrical circuit failure pump,1
japan mark th anniversary hiroshima atomic bombing,1
lzk issue severe thunderstorm warning wind mph hail sharp ar till pm cdt wx,1
major windstorm thunder rain near jacksoncalm,1
world reacts aussie collapse,0
gaping sinkhole open brooklyn new york,1
love sound thunder rumbling across mountain,0
virgin galactic crash early unlocking brake triggered structural failure irish examiner,1
vassalboro house razed make way public gazebo report,0
imagini noi si clipuri hobbit desolation smaug cliptv desolationofsmaug poze thehobbit,0
gtgt aftershock protect profit next global financial book,0
ignition knock detonation sensor acdelco gm original equipment,0
best movie youve ever seen armageddon,0
christian attacked muslim temple mount waving israeli flag via pamela geller,1
let get dope picture together dopest explosion,0
shuts door boom bottom half lightning coming top eighth,0
rated hobbit desolation smaug imdb,0
governor allows parole california school bus hijacker santa cruz sentinel,1
thanks thanks,0
agency seek comment seismic permit,0
cooking earlier got electrocuted crucial im psychic lol,0
reddit quarantine offensive content,1
uspacific command see gave peace unity festival disappears freedom violent storm hit sea,1
cia plot rolling eye rt chinese relative mh victim say reunion island wreckage planted,1
opened old baked alaskan shaped wound soon gbbo soon neverforget,0
hibernating pbx irrespective pitch fatality careerism pan crbzfz,0
awesome time visiting cfc head office ancop site ablaze thanks tita vida taking care u,0
weyburn police warn public fentanyl death province,1
nochilllukehammings im screaming,1
storm violent swell emotion nothing,0
jupiter great red spot violent storm larger entire earth,0
hurricane tornado tsunami someone please tell hell happened nopower,1
dove storm greatest denier electric prom pt,1
new game coming soon,0
stretcher min speaker deck,0
latest home razed northern california wildfire abc news,1
update pulwama encounter began earlier today nd terrorist killed security force security force,1
lab today ready body bag,0
makewaterwork okanagan drought rating maxed okanagan valley westerncanadadrought,1
forgot bring chocolate major disaster,0
dozen dead two train derail river india,1
suck thats youre bloody getting mean amends,0
cork city irelandwe got degree todaythat heat wave u haha,1
im architect disaster,0
death loretta fuddy responsible authenticating obama birth certificate sole fatality nine plane,1
sound arson,0
obama giving false time schedule iran testing first bomb bomb nuclear suicide vest,0
mayhem beautiful,0
refugio oil spill may costlier bigger projected news,1
oh wait expected go totally different route l derailed another barely passing grade required course super,0
richmond coach devastated hear death second driver mr chance sitting jam,1
housing start explode new height,0
im glad call someone emergency since never answer phone call back,0
hiroshima told paint story eightynine year old man recall terror trauma,1
thinking time friend bailed nite dead showwent alone amp great time alone free dance front row,0
scream,0
zero spider biterelated fatality australia since,0
photo lavenderpoetrycafe forgotten history sexual trauma hysteria affliction seen primarily,1
trusting iran stop terrorism like inviting arsonist join fire brigade telegraph,0
earthquake sismo km anchorage alaska time utc,1
whirlwind head scissor ktfounder remymarcel frofrofro,0
demolished snowball,0
salem nuclear reactor shut electrical circuit failure pump,1
scream,0
got whole curfew,0
sinjar massacre yazidis blast lack action hostage,1
ir icemoon aftershock dubstep trapmusic dnb edm dance ice,0
christian attacked muslim temple mount waving israeli flag via pamela geller,1
fettilootch slanglucci oppression greatest danger coming soon album,1
spacex founder musk structural failure took falcon,1
least arent burning building looting store,0
kinda cool tonight heat wave finally amdollela la kulli aal,1
gop debate drinking game anyone looking bit fun watching train wreck,0
interestingwhy god order obliteration ancient canaanite via,0
california police officer pull gun man without apparent provocation video via,1
city calgary activates municipal emergency plan,1
catastrophic effect hiroshima nagasaki atomic bombing still felt today,1
pov video capture violent landing amsterdam airport schiphol storm daily mail amsterdam news,1
school western uganda still burning building strikesstrikes western uganda always lit literally,1
fake nanking massacre eyewitness english obama clinton bush gop abc cbs bbc cnn wsj wpo,1
according gallup poll money likely suffer time famine ari,0
people finally panicking cable tv,0
palestinian refugee tragedy blight humanity amp shame every israeli living,1
sigalert north amp southbound closed btwn fwy irvine blvd due truck fire chp detouring traffic,1
december court dismissed group charge rape victim saying getting raped occupational hazard u military isi,0
excessive engine failure rate significant maintenance constantly emerging structural defect phew thats lot say,0
okay cant find im kinda panicking,0
block plate charging schwarber coming line cervelli dare would explode little puff smoke,0
bbc live studio discussion hiroshima poor sheer luck cold war result catastrophe mad red herring scraptrident,1
length rescue cat need,0
stepped outside drink cigarette immediately locked eye jogger world really collide,0
city program help turn blight greenspace tennessee housing development news,0
selmo catching flame im gon na witnessing slaughter,1
homecoming queen killed way home prom flood water socialnews,1
fedex longer shipping bioterror germ wxiatv,0
pt unit attacked responsible targeting muslim scholar imprisoning youth,1
destruction magic fine dont go burning building,1
bought oz jar peanut butter getting demolished,0
stlouis caraccidentlawyer speeding among top cause teen accident car accident tee,0
vault could take look wound youd like go one place first zarry,0
pendleton medium office said fire base right horno blaze,1
significant think iconic pic church maybe ruin less substantial effort razed,0
leezy like youre fall cliff youre grabbing hand palm sweaty bruh,1
liked video specialguest crapgamer recap microsoft destroyed sony gamescom,0
woman messenger bag clutch bag handbag cross body shoulder bag bag lady designer handbag high qualit,0
high sky burning building nowplaying,0
house energy ampamp commerce subcommittee hold hearing cdc oversight bioterror lab army anthrax mishap htt,1
hailstorm day round yyc yycstorm,1
screamed top lung said guy would come back sa keep promise addtexastonext dtour,0
wisenews china stock market crash gem rubble,1
happily collided,0
delhi government provide free treatment acid attack victim private hospital,1
small flood big consequence,1
pic yr old pkk suicide bomber detonated bomb turkey army trench released,1
bringing tornado flood bringing climate change god america plaguing farrakhan quote,0
cue storm massive wind hail power outage davidson county,1
pissed could pikachu electrocute,0
coppednews haunting memory drawn survivor,1
pc cree led work light offroad lamp car truck boat mining wd flood beam full rea,0
believe weve much rain newly planted maple tree actually drowning,1
realized honestly cant survive without glass lol,0
burned calorie minute walking mph brisk pace myfitnesspal,0
know new release week blood call ancient evil trapped,0
arsonist blamed blaze plastic recycling business adelaide report newsadl,0
energy,0
good way end day geyser plus dust storm,1
turn,0
robotrainstorm two vacancy castle fantasy football team join u fun,0
beware temper loose tongue two dangerous weapon combined lead person hellfire islam,0
dr gridlock may caused metro train derail downtown dc washingtonpost,1
faan order evacuation abandoned aircraft mma,1
scream distance,1
wayi cant eat shit,0
spent many hour sinking wonderfully created world mafia mafia ii life excited another installment,0
youre loving like water slipping finger natural disaster love,0
big top burning true story arsonist missing girl,1
forest fire near la ronge sask canada,1
added video playlist dan arin demolish giant gummy bear grumpout,0
suicide bomber kill saudi security site mosque mercados,1
national weather service little rock issued severe thunderstorm warning van buren county,1
guess say might one thing common biological father made way weapon,0
learning legacy catastrophic eruption new yorker,1
currently uncontrollable meltdown number,0
dlh issue hazardous weather outlook hwo wx,1
screamed language good,0
feel bad literally feel feeling heart sinking bc didnt get anyone ugh jfc,0
poor jack,0
turned jasmine house war zone littlewomenla,0
hit foot toe bleeding,0
quality metric penalty may harm patient care pcp say primary care physician generally hold positive vi,0
fukushima nuclear disaster increased thyroid cancer u,1
hope drown,0
crazy mom threw teen daughter nude twister sex party according friend gt,1
japan mark th anniversary hiroshima atomic bombing,1
screeching siren accompanying walked,0
look like bowl weather cereal new kellogg sugar hail stay crunchy even milk,0
nothing midget demolish show respect,0
fucking police cant touch fuck nigga aint fucking,0
wildfire near columbia river town percent contained firenews wa,1
general audience wounded family zenit world seen rome,0
hundred feared drowned migrant boat capsizes libya,1
moregtosha officer siteinvestigating noranda explosion kfvs news cape girardeau carbondale poplar bluff,1
blizzard would clutch asf,0
channel rspca dog rescuersthe infomercial crept back door,0
im weapon master let go gun blazing hinatobot,0
attempted mass murder brought obama administration,0
got pretty windy damage,0
check amazing footage lightning filmed lifting chicago,0
russian food crematorium provoke outrage amid crisis famine memory,1
hollywood movie trapped miner released chile,0
last day summer supposed fun whats fun accidentally burning arm hair playing lighter,0
another fake hate crime lesbian burn house else new,1
whao nigerian refugee repatriated cameroon,1
honey aint angel like scream word weapon well go ahead take best shot woman wan na leave,0
five burning question chris mullin st john sjubb,1
earthquake sicily italy iphone user download earthquake app information,1
womens satchel lattice chain studded cross body multi colour shoulder bag blue,0
beyonce pick fan army beyhive,0
heard love love youheat wave vol george deejayempiresound soundcloud np,0
cause fire fire fire yeah fire fire fire nowwwwww,1
awesome saw bleeding pretty bad,0
louis vuitton cultsierre monogram shoulder bag cross body bag,0
juanny beisbol sr annihilated ball lgm,0
sprinkler faq lawn inundation system answered ebb,0
dw hundred feared drowned migrant boat capsizes libya hundred migrant,1
severe storm weakening move se towards lubbock area outflow boundary may create dust mph gust,1
enugu government demolish illegal structure international conference centre,0
get si planet could huge dose obliteration,1
timelapse map every nuclear explosion since isao hashimoto war atomicbomb,1
im gemini child screaming building burning police siren distance,1
growingupspoiled going clay pigeon shooting cry aftershock,0
ud rescue structural collapse scott road ypres road york truck,1
fire thatd safety hazard,1
fettilootch slanglucci oppression greatest danger coming soon album,0
displaced disaster label legal status remain reach,0
contrast foreboding destruction enhanced expansive division color saturation contrast hue,0
okay need evacuate house write poem,0
im mom friend still see friend little baby care else theyll electrocute,0
russian ushanka winter military fur hat xl soviet badge link,0
happy boy mass murderer,1
nuclear emergency current usa radiation level monitoring site,0
video picking body water rescuer searching hundred migrant mediterran,1
business deluged invoice make stand colo shape lzkely rise top pay pile,0
strong thunderstorm mile north japton moving se mph large hail wind gust mph poss arwx,1
transportation panel showing video pileup wheeler snowstorm wy crash crash crash make stop amssummer,1
jay alexis broke go faith goal people evacuate,0
new favorite desolate soundcloud,0
lee comedy working class tory prepare armageddon interestraterise,0
choking hazard prompt recall kraft cheese single,1
great iran deal cover bioterrorism got cut terrible keep good work,1
womens handbag cross body geometric pattern satchel tote shoulder bag white rt gasparc,0
government concerned population explosion population concerned government explosion joe moore,0
gusto persist amongst emptypated communication explosion hpssjd,1
rt abbswinston zionist terrorist demolish tire repair shop structure bethlehem,1
add familia arson squad,0
bestnaijamade yr old pkk suicide bomber detonated bomb bestnaijamade bestnaijamade bestnaijamade,1
heat wave adding misery internallydisplaced gazans via,1
need know im supposed throw bridge collapse plan parade,0
majesty emperor salman khan unstoppable cyclone entertainment humanity bajrangi bhaijaan creating history everywhere crosed cr,0
enter world extreme diving story volga river,0
cant believe blevins got injured falling curb thats something would happen never expected pro player,1
learn gained access secret top earner amp used explode home business please rt,0
cop seriously turned siren get traffic turned right back like wtf,0
wreckage conclusively confirmed mh malaysia pm investigator family,1
officer wounded suspect killed exchange gunfire ushed,1
year old ring fort demolished,0
croydon riot next day burning building high street amp crowd reef corner croydonization august,1
triumphant moment cook two egg easy yolk casualty,0
u national park service tonto national forest stop annihilation salt river wild horse via,1
obama declares disaster typhoondevastated saipan obama sign disaster declaration northern marians,1
emergency harbor city mod chemical fire residential area via,1
look like mudslide like chewing rubber gbbo,0
visit village recently bombed turkey find people fed pkk,1
dakota skye get horny porn get juicy pussy pounded view download video,0
debatequestionswewanttohear start another war would willing go warzone send ur son andor daughter fight,1
rain nj flash flood otherwise desert grief tax,1
wo giving much nana france reminds america right war iraq restlessness leading disaster,1
died horrible death trapped ship knew risk,1
city calgary activates municipal emergency plan thunderstorm approach,1
need help horse dieplease rt amp sign petitiontake stand amp voice gilbert,0
train derailment freakiest freak accident indian express news topstories,1
ol meltdown victory mets,1
either ride u collide u simple nigga,0
indepth look new world work young people business economy coping huge upheaval,0
year ago first atomic attack flattened hiroshima day later nagasaki war crime put moscow place,1
screamed fuck hond,0
fatality,0
monthold baby girl rescued coastguard floated half mile sea socialnews,1
frontpage bioterror lab faced secret sanction rickperry doesnt make cut gopdebate,0
router one latest ddos attack weapon phone gaming tv news,0
meltdown,0
alabamaquake seismic summary earthquake news amp history,1
sinkhole swallow brooklyn intersection video,1
look state action year ferguson upheaval md mentioned last group reporting bill,1
gop debate tonight jon stewart next week obliterate jonvoyage,0
last second outbid rt pc mm ab resin flower whirlwind flatback rhinestone wedding decoration please fa,0
bc risky costly dont see need isnt anything totally desolate,1
attempting delanys dhalgren beastly ny heat downing hot coffee amongst description building burning day without ruin,0
new item pillow cover size pillow cover grey pillow pillow premier print lulu storm grey mypillowstudio,0
deluge eulogy cecilthelion whatsapp gtgtthis tormented soul matias xavier,0
photo forrestmankins colorado camping,0
yoga flame,0
anti collision rear innovation gadget,0
worked hard get level going let injury define going define cool,0
slip sliding away flash flood info writer wtony nester writingtips,1
throwback thurs still love tomorrow whirlwind,0
helpme friend ticketed police wayne county michigan never sending poverty cycle help,0
watch airport get swallowed sandstorm minute,1
violent force radio playing acid storm scourgue god tunein player,1
morgan silver dollar gem bu dmpl cameo rev blazing m high grade full read,0
eye smile pretty smile good hair miss luhan exo,0
im always mass murder,1
crocodile tear dont wash shes upset gravy train derailed kidscompany,1
gbbo difference paul mary dear paul look like mudslide mary feeling going taste great,0
ancient mayan tablet hieroglyphic honor lowly king,0
id long coat hand id worn certainty armageddon bear sense occasion,0
day bug fully patched o come active exploit bypass password ar technica,0
world war ii book lightning joe autobiography general lawton collins,1
didnt even notice background im floatin head bombed,1
igers word wrecked disney stock,0
beautiful disaster jon mclaughlin good song,0
stretcher brought vampiro cut commercial isnt good sign ultimalucha luchaunderground,0
economic collapse investing specific action strategy securing lasting wealth financial blowout,1
freak boston hailstorm produce hailstorm business autobody repair specialist tonight,1
cant help hope youre ok text need talk sending hug way p bleeding death allowed,0
mofo dc leave military unarmed gunned terrorist amp lot worseits sorry ass,0
business deluged invokces make stand colour shapeand likely rise top pay pile,0
flash flooding madison valleywx,1
california burning gov jerry brown told reporter press conference california experiencing,1
put fire still burning,0
twelve feared killed pakistani air ambulance helicopter crash,1
cruz iran deal leaf american hostage languishing iran noirandeal tedcruz,1
year atomic bomb japan still struggle war past anniversary devastation wrought,1
misfit got bombed,0
mmmmmm im burning im burning building im building oooooohhhh oooh ooh,0
love fruit,0
angry woman openly accuses nema stealing relief material meant idp angry internally displaced wom,0
dont doubt implicit statement make want flattened bus,0
glad saved want stealing thunder,1
beluga death reported seaworld average age year opseaworld,1
added video playlist sw fatality captain falcon v snow fox ssb loser,0
ra sends message condolence vietnam following natural disaster,1
im gon na get naked smoke cigarette someone call radneck hot,0
pennlive two family displaced mechanicsburg blaze one injured fire,1
want full bitch slapping gun blazing cake throwing charles showdown worth wait,0
campsite recommendation toilet shower pub fire kid pizza shop forest pretty stream midge snake thanks,1
holiday relax sunbathe drink putting bush fire much spain,0
dad panicking weight loss mean need hurry new clothes fundwhen reach goal,0
soooo pumped ablaze,0
one direction pick fan army directioners,0
everyone hoped would join isi get ventilated marine trying detonate bandolier hot dog fort dix,0
almost sent coworker nude accident thank god airplane mode,0
beyonce pick fan army beyhive,0
hurricane guillermo live noaa tracking looping wedaug th,1
isai psm every conspiracy lifting scattered unto desolation name jesus,0
huge fire wholesale market ablaze,1
former freedom surfspa razed make way new home,0
wow crackdown us multiple server multiplayer destroy whole building copped,0
survive dust storm,1
motor hot deal gtgt led work light flood lamp tractor truck suv utv,0
photographer brian ruebs endures foot climb capture bride groom,0
paul rudd emile hirsch david gordon green prince avalanche qampa filmmaker google entretenimento video,0
violator new improved reddit shot sun survivor hurled black hole nuked,0
neileastwood knobhead bin laden family plane crashed avoiding microlight landing,1
going redo nail watch behind scene desolation smaug ayyy,1
took way longer expected,0
marketforce perth named winner siren round iinet nbn buffering cat shark radio spot,0
epilepsy claim another common still challenge treat superhero toddler rare epilepsy dravet drowns,0
dont get burned twice flame,0
udhampur terror attack militant attack police post spos injured suspected militant tonight attacked,1
would cry nuclear reactor cooling tank winechat,0
govt pas bill pandemonium upa used cant nda,0
news uk islamist cleric anjem choudary charged terrorism act,1
hear talk avoid thousand resistant infectionsdeaths next yr adiossuperbacterias,0
dont evacuate student throw dungeon stupid,0
youre snowstorm im purified darkest fairy tale pale moonlight,0
crazy phone much damage person,0
let baby,0
lived amp family lived country looter shot sight rioting wasnt tolerated,1
scream mother,0
thats call batting collapse theashes,1
remove browser hijacker,0
breaking news haunting memory drawn survivor,1
bitch takin pic bag bigger whole body,0
lol usually im objective maybe uncle ben course death end business usual,0
mass murder got hot bothered heart always traditionalist,1
wreckage conclusively confirmed mh malaysia pm investigator family,1
pandemonium aba woman delivers baby without face photo,0
oh fuck sake dead,0
big baby climbed thing wheelsio hawkhis knee injury wheres beltmr srk cook ur beautiful as punishment,0
well said sir cousin pow brutally treated survived never talked bombing justified,1
rly tragedy mp live recount horror saw coach train plunging water called daughter said,1
california drought gon na issue want president attitude wont work,1
sydney traffic hazard oil spill bankstown stacey st wattle st sydtraffic trafficnetwork,1
dam gm olap world pres recognize hazardous waste multidimensional,1
pray east coast forest fire pray put pray rain,1
police man early dy shooting vermont st,1
plane debris missing mh,1
rt twitsandiego possible sinkhole disrupts trolley service depression portion asphalt downtown sa,1
school bus hijacker given parole year,1
wish could get victoria secret front im good,0
one thing like thunder heheh,0
maximum damage activate big band mode oldtimey obliteration,0
awwww baby walter rewatchingthepilot teamscorpion cyclone,0
outside youre ablaze alive youre dead inside,0
deluge awesome word idea like much,0
okay maybe extreme thunder lightning pretty much type fifa,0
think mudslide cake lady go hipster unfortunately stay,0
runaway minion cause traffic collapse dublin,1
rt build wall keep burning man attendee coming home,0
got evacuated cinema min inside kill please,0
build share custom application within tc exchange infosec dfir threatintel,0
horrific attack wife muslim italy liveleak news,1
robert ballews log statement always fatal level,0
dramatic video show plane landing violent storm,1
mention theatre shooting twitter spike min prior ckec collapse,1
rt alisonannyoung exclusive fedex longer transport research specimen bioterror pathogen wake anthrax lab mishap,0
trust u get rescued dopey one emmerdale summerfate,0
havent watched one yet finished catastrophe amazing,0
private thirsty nightsad blood rockn roll,1
new lady shoulder tote handbag faux leather hobo purse cross body bag womens full read,0
result failure correcting structural problem west financial market collapse,1
youre deep sleep dream youre bout fall cliff wake struggling keep balance,0
guy imouto isnt actually related blood,0
reuters top news photo rocky fire grown california newsintweets,1
tried orange aftershock today life never,0
im anxious though many ppl watching meet make uncomfortable cant let ruin moment,0
paying attention influencers burning money socialtimes,0
better look catastrophic rain flooding done,1
tonight going mayhem playthursdays everybody free text st nw,0
u bombed hiroshima year ago today look war changed since,1
tnn china stock market crash gem rubble,1
dont get wave missing anymore theyre like tsunami tide eyesss,1
governor allows parole school bus hijacker,1
secret storm vortex lightning catcher book,0
want forever stay side special night fear loathing la vegassolitude xmas,0
love screaming one,0
spider legit run across chest traumatised life,0
said rude based experience kind next level sub tweet way lol either way got worked,0
year ago today united state america bombed hiroshima japan,1
sometimes god us sorrowful tragedy set stage glorious redemption david platt run,0
avi header combo fire,0
murderous story america first hijacking,1
dude obliterated meek mill dont judge book cover,0
suncorp net profit rise billion worst year natural disaster claim,1
landslide italian alp kill three rome reuters three people killed severe rainstorm th,1
price rd north bound closed university rio salado lot police whats crackin,1
obama declares disaster typhoondevastated saipan,1
via hundred feared drowned migrant boat capsizes libya ufo ublogeurope,1
classic www hiroshimanagasaki atomic devastation hidden decade people hiroshima nagasaki,1
update mcclain injury today practicenyg,0
heart disease prevention secondhand smoke,0
packing ct aka room look like war zone,0
hurricane dancer first caribbean pirate shipwreck margarita engle henry holt co byr,0
online homeland security appraisal pakistan antiterrorism act,0
raffirc rt sustainourearth oklahoma act limit earthquake risk oil gas well scoopit loving thi,1
hotter phoenix week humidity gtgt heat wave,0
tf decide workout today body feel like engulfed mass fiery disdain,0
defs stop bleeding,1
men escape car engulfed flame parley canyon crew investigating cause,1
came like tornado destroyed beautiful word,0
top link reddits new content policy go effect many horrible subreddits banned quarantined,0
couldnt mudslide,1
faceless body belonged sister hiroshima nagasaki nuke survivor recall horror year rt news,1
wreckage conclusively confirmed mh malaysia pm investigator family,1
surprised still standardised clinical practice across nh ambulance trust,0
metal cutting spark brush fire brighton brush fire sparked landowner cutting metal burned,1
cruise mi emergency plan awesome fail,0
hey sally sorry emailed awol bloody work argh,0
hope mountain dew erodes throat flood lung leaving drown death,1
entire town roosevelt wash evacuated wildfire,1
year since annihilated people instantly became aware ability annihilate whole humanity,1
need help horse dieplease rt amp sign petitiontake stand amp voice gilbert,1
afghanistan sharp rise woman child casualty first half,1
meatloving feminist world riot grill arrived,1
another standuser detonate killer queen,0
dont anything nice say come sit,0
dnb newrelease edge jimmy summer rainstorm lapaka sound via,0
added video playlist panic disco collar full audio,0
wow fifa pre season tournament career mode bloody hell evacuate building whocares,0
charred remains home nd st manchester nh fire rip building damaging neighboring home,1
justifying quarrel would one day end obliteration remains state pakistan,0
christian attacked muslim temple mount waving israeli flag via pamela geller,1
hour parade like people collapsed oneheartonemindonecss,1
look like mudslide taste like rubber oh love bake britishbakeoff paulhollywood,0
hard reset xbox,0
rtamerica rt rtcom eye super typhoon soudelor seen space timelapse,1
liked video battlefield hardline new weapon new map throwingknifes,0
family sue legionnaire family affected fatal outbreak legionnaire disea,1
phone offer gtgt pin lightning connector car charger apple ip,0
year one hour since bombing hiroshima let take time remember,1
idek people actually think he terrorist,0
three people killed severe rainstorm italian alp caused landslide,1
wreckage conclusively confirmed mh malaysia pm investigator family,1
kick hurricane seriously simple website looking seriously simple program,1
update survived canoe may fastest feed history though,1
matako breaking news unconfirmed heard loud bang nearby appears blast wind neighbour as,0
thx great encouragement rt new video coming apocalyptic u earthquake amp tsunami,1
suicide bombing fear dying alone,1
dangerous property downtown phoenix demolished,0
another white mass murderer thank god im california,1
meltdown demis instagram comment,0
york co first responder compete save life badge blood paramedic em,0
printable emergency plan template,0
greece tax revenue collapse debt crisis continues via bailout mp,1
injury prone isnt actually suffering injury often,0
pm traffic accident injury willis foreman rd,1
every win ranked play gave special card back would cool long te,0
philippine former township fire truck used philippine emergency equipment cebu philippi,1
lol meerkat fucked get demolished periscope facebook live streaming,0
investigator say fatal virgin galactic spaceship crash last year caused structural failure,1
panicking maybe bff left china bar maybe tindering toilet min,0
zeal volcano peak grass indecisiveness grow,1
checkout nurgle rule amp feature snuck khrones wd,0
bloody hell already upgraded rioting hyperbole saintsfc,1
im loving classic barn shot may may got electrocuted got stung time stepped,1
crushed holy shit,0
uk bin laden family plane crashed avoiding microlight landing far runway three member,1
didnt want hurt fear drove midnight,0
well done everyone applaud terrific never ruin anything,0
thing fear organizationsfluctuations disturbance imbalancesare primary source creativity margaret wheatley,0
rt skanndtyagi wired reddit quarantine offensive content,0
annihilated ab,1
aerospace exec plane debris missing mh part aircraft wing found reunion island th,1
tried downloading crashed tutorial,0
good piece israeli incitement jewish terrorism beinart,1
dead afghanistan aircraft crash afghan military helicopter crashed remote region,1
tianta breaking news unconfirmed heard loud bang nearby appears blast wind neighbour as,1
author interview michele rosenthalauthor life trauma,0
desperation dislocation separation condemnation revelation temptation isolation desolation let go find away,1
prepare u hhs selects regional special pathogen treatment center bioterrorism infectious ebola,0
nowplaying school seven bell windstorm wzbt,0
yr old boy pic pkk suicide bomber detonated bomb turkey army trench,1
malik saadthe best police officer produced kpdied suicide bombing jan brother kppolice,1
hot funtenna hijacking computer send data sound wave black hat prebreak best,0
best mind clear content observation day,0
reddits new content policy go effect many horrible subreddits banned quarantined,0
slayer reflects low mayhem festival attendance king diamond amp jeff hannemans passing,0
incident crash pascoe vale south outbound tullamarine fwy citylink near moreland rd vehicle emergency lane delay,1
told ten year ago id seeing anime big screen probably would exploded,0
feel engulfed low selfimage take quiz,0
awwww theyre airplane accident theyre gon na die cuties good job,1
nigga threat boy ah thru,0
fucking live im surprised ive survived long,0
th person dy ny legionnaire disease outbreak sebee,1
still dont know hour physical activity blazing sun isnt sport,0
box ready explode exploding kitten finally arrived gameofkittens explodingkittens,0
people tattoo allowed donate blood receive blood well,1
oh boot amp heart social medium inundation starting please,0
render assistance gain proxy hostage fortune ssu,0
british upper class manservant pampered wealthy brit cause catastrophic shift reversal,0
hot take canada hitchhiking garbagebot destroyed philly sorely needed,1
collapsed moment got home last night lol,0
latest washington wildfire miss town evacuation end khq right,1
impossible ww like cant survive day without meat wew,0
block hear sirensamp story kid getting lemonade see life get minute made talking semi paid,0
outbreak legionnaire disease new york killed least people,1
study wider variety therapy could help vet troop ptsd via,0
la time refugio oil spill may costlier bigger projected,1
yo got bar im even rapper,0
calgary area tornado warning end thunderstorm move eastward cbcca cbcca calgary area tornado warning end,1
even kid haha super late folk used bash shit understand survived cancer still cheated,0
breaking fairfax county firefighter placed admin leave amid probe facebook post putting police body bag dept say,0
thanks narrowly averted death fun youre right,1
moved england five year ago today whirlwind time,1
end time upon u famine war death plague presence growing stronger,0
smoke weed snoop lion ft collie buddz,0
dont forget tragedy,0
accident knew gon happen,0
walk plank sinking ship,0
policyholder object clico rescue plan,1
louis vuitton monogram sophie limited edition clutch cross body bag full read ebay,0
thought id let know probably good idea plug hairdryer wet electrocuted,0
india shud give evidence pakthey share terrorist amp use next attackshare oth contries,1
really sadly come expect obama,0
captain abbott must go lnp boat refugee christianvalues,0
partially something trauma well thats long story honestly dont like talk,0
seriously electrocute half uk army touch bangtan play game come bts,0
bhramabull watch run jewel use fact defend rioting ferguson socially minded duo take,1
would flattened little midget,0
xleak ph tos yr old ash lady festac town delta exp sed bbm leaked picture,0
eb m line update offloading hazardous material going much slower expected road could stay closed tomorrow,1
haha would say hot ball burning,1
micom summer contrast candy color bowknot cross body tote shoulder bag womengirls micom zip po,0
favor fall cliff,0
seems declared war government,1
right yep youre witness injury haha gauze,0
im telling mom past curfew oth,0
satan daughter shadow warrior ft woman aka transgender mode p nyc fold extra extra center bioterrorism,1
scream different language,0
mike magner discusses trust betrayed via military veteran environment,0
think weve like one black mass murderer history mass murder white people shit,1
dtn brazil expert france begin examining airplane debris found reunion island french air accident exp,1
breaking obama official gave muslim terrorist weapon used texas attack,1
freed bokoharam captive speak make sure go school,0
silly one two country destroy world say world security,1
sweet lord collapse knee buckle,0
wasp dive bombed face,0
police gunman reported dead nashville area theater suspect carried gun hatchet carmi,1
latest home razed northern california wildfire,1
west burned thousand wildfire ablaze california alone climate energy,1
equipment ego break upon dig family internet hoke excepting versus sinking term dfljev,1
saving city old town proposed demolition west burton,1
going make bomb threat,0
one candidate going frank grime level meltdown voter love trump matter,0
little piece wrote avalanche design blog id appreciate greatly checked,0
pov footage capture violent landing inside plane storm,1
help say denver firefighter working curb first responder suicide,1
owner chicagoarea gay bar admits arson scheme lgbt,0
trying pas lax family end run ball get bombed head,0
sean end career sg blizzard v knockout,0
setting emergency fund easy step never know surprise expense pop work,0
kakeru teduka bfore year today hiroshima exploded one atomic bomd sad day,1
tv vitaly churkin briliantly expose hypocrisy ukraine fm klimkin mh disaster,1
aug radio show article eyewitness account abortion organ harvesting planned parenthood,0
weekend stockholm sweden aug copperfields,1
phone spying hidden back door nsa data mining software financial armageddon blog,0
derailedbenchmark cool path wonder run find leak job given resque,0
gun protection shit really shouldnt used unless life danger,0
worst voice ever hear nikki trouble voice mom,0
kc kh mhtw fnet crew gaining huge northern california wildfire cbs news,1
ovofest drake straight body bagging meek ovo stage ziphimup,0
true tbt eyewitness news wbre wyou,0
irony debris flight mh found reunion island,1
death threat nigga life well gon see,0
true extent obliteration white privilege would reduce unfair favoritism,0
evacuation order lifted town roosevelt,1
trump climate denier algae bloom pacific calif alska seeweed caribean forest fire snowball inhofe,1
thank survived,0
papiichampoo enjoy obama era civility prez say gop support iranian death,0
people bake without turning kitchen war zone egg flour,0
stormchase violent record breaking ef el reno oklahoma tornado nearly run,1
worked fast food joint poured burnt hot oil sink hit water trap exploded worstsummerjob,0
felt remorse missing pam drowned guy really like jason part vi outfit,0
meek mill begging nicki minaj let obliterate ovofest nowplaying,0
major american newspaper running series alleged bioterrorism research going,1
aug fort calhoun nuclear station capacity today according nrc,0
feel like accident drawn im happy youve survived hope youre okay,0
boston yesterday intense hailstorm xpost rcityporn,1
flood disaster burst water pipe flood apartment nycha senior center ny ny burst water pipe flood,1
liked video mortal kombat pc gameplay fatalitiesxrays mkx,0
playing darude sandstorm radio edit,0
plan former first lady wife expresident goodluck jonathan dame patience jonathan hijack,1
u wont upgrade infrastructure bad situation going get ugly quickly usa sustainability,1
back seattle tacoma portland whirlwind,1
map typhoon soudelors predicted path approach taiwan expected make landfall southern china,1
young heavyweight rapping detonate leader lemon better get straight,0
fettilootch slanglucci oppression greatest danger coming soon album,0
apollo brown detonate mop,0
led warm white light motion sensor outdoor flood light pir lamp auc,0
year sikh temple massacre hateviolence prevention key,1
exquisite asian sto cumshot sex porn video porno free,0
promise tax pancake rainbow dying fire,0
yes life fatality rate,0
hold free webinar wildfire mitigation pm et,1
year atomic bomb japan still struggle war past anniversary devastation wrought,1
storm damage reported west tennessee,1
really want rolo blizzard mom said guess dq tonight,0
head gon na explode,0
yep flood clyde dam releasing every bit water could speccy ev charging way,1
shadowflame wraith bombed via,1
fatality,0
death muslim,1
put flood fire top list,1
thing stand dream try belief actually possible joel brown,0
eurocrisis guardian greece tax revenue collapse debt crisis continues talk continue proposed,1
nigga favorite question single bitch dont know pussy wet almost drowned nigga,0
well done celtic finger crossed aberdeen tomorrow night armageddon eh,0
massive typhoon head toward taiwan,1
rt reddit quarantine offensive content,0
like blown amirite,0
feel like im drowning inside body,0
richmond police officer wounded suspect killed,1
watertown gazette owner charged wreck,1
contd sinjar referring pg document group put together movt yazidi hostage day following massacre,1
happy birthday big miss girl hope bomb one,0
ltmeltdown proportion commences manage calm long enough turn water hot wait steam cloud vision,0
ignition knock detonation sensor connectorconnecto motorcraft wpt,0
crushed km run pace nike sportwatch gps nikeplus,0
thats take piece putting ambition check destroy change voted change seek,0
rocket moon sleeping siren rocket moon,0
nuclear policy japan without responsibility nuclear disaster repeat failure annonymous guardian nytimes reuters,1
choose happy fire truck rest review kick push,0
borrower concerned possible interest rate rise could catastrophe,0
hope doretts mudslide cake win gbbo,0
dozen die two train derail river india,1
pm thunderstorm rain degree weather weird,1
snow thunder lightning,1
tip finding customer ego drought dqsvyusy,0
want smoke,0
ika tuning soup diet recipe fat burning soup recipe fat burning soup diet recip,0
twelve feared killed pakistani air ambulance helicopter crash,1
zimbabwe country collapsed government ruled dictator many live poverty line,0
derail train smithsonian,1
long road ruin foo fighter,0
houston nyc collide gemma bowe,1
credit inspiring rediscover fantabulous tbt,0
element freedom biggest party summer mirage saturday ticket,0
breakingnews rly tragedy mp live recount horror saw coach train plunging wa,1
malaysian prime minister say reunion island wreckage mh via,1
latest home razed northern california wildfire,1
ive watched episode bloody monday bloodymonday tvshowtime,0
rss judge order texas recognize spouse samesex death certificate,0
think bombing iran would kinder,0
critter climate two plague death colorado,1
smoke ave street hottest youngins,0
nw michigan windstorm sheer recovery update leelanau amp grand traverse state emergency extended besafe,1
maryland mansion fire killed caused damaged plug christmas tree report say flame,1
pandemonium aba woman delivers baby without face,0
reason exploded,0
oh god memory flooding back,0
outdoor siren test pm fgcu siren tested pm today another message sent test concluded,0
new photo oak snowstorm southdowns hampshire winter photography art tree treescape treeporn,0
mad river complex fire burned acre contained mad river complex fire trinity county,1
tragedy life end soon wait long begin wm lewis quote,0
usually id agree whole chopping head throwing gay rooftop amp suicide bombing start,1
order blizzard pay put nut say ball flavored boom free ice cream,0
yeah lamb god rock ring introdesolation hd via,0
swiss kosher hotel bridge collapse injures five people,1
sinking last episode heart hurt bad,0
refugio oil spill may costlier bigger projected,1
say shed love come help sea would electrocute u,0
california battling scariest wildfire far rocky fire,1
damnnnn gmcr got obliterated pay huge whomever played accordingly,0
cancer equate around death blackpool kowing sign could save life beclearoncancer,1
motorcyclist bicyclist injured denver collision broadway least two people taken local,1
careful anyone life west beaverton forest grove rapidly spreading fire heading east,1
thats optimistic side doubt tough done feel like game pivot defense,0
cyclone derives power calm center person norman vincent peale,1
two giant crane holding bridge collapse nearby home,1
baltimore city north mp fort mchenry tunnel bore collision north mp fort mchenry tunnel bore nort,1
russian food crematorium provokes outrage amid crisis famine memory,1
bigamist first wife charged death second pregnant wife child news,0
allah describes piling wealth thinking would last forever description people hellfire surah humaza reflect,1
love love aint playa crush lot,0
kid disappear dust storm atmospheric aussie thriller rt,1
news flash decent billers promoted manager let know want watch billing fall cliff humble,0
devastated,0
hellfire even want think mention let anything lead,0
dont stop believing came radio restaurant lil white bit screamed mommy song,0
fear panic air want free desolation despair feel like everything sow,0
linked arsenal cause injury,1
wow free hobbit desolation smaug uv digital download code gin listia,0
christian attacked muslim temple mount waving israeli flag via pamela geller,1
hahaha im half traumatised half hoping labour easy,0
counter act burning alexandrian library,1
going survive devastation,1
erdogans bloody gambit july suicide bombing turkey took life socialist suru,1
salty scared drought like said,0
ebola alabama home quarantined possible ebola case related article,1
another jocelyn birthday apocalypse,0
steve fire something else california tinderbox clown setting hood ablaze,1
service returning normal southline medical emergency yennora urgent track equipment repair cabramatta earlier,1
kayla electrocute,0
nfl playing deflategate perfectly deluge incremental story bored world caring wanting go away,0
today japan mark yr since u bombed city killing people worry iran,1
ignition knock detonation sensorsenso beckarnley,1
imagine doctor treating ebola patient without ever placing harm way,1
san jose demolition willow glen trestle put legal battle continue,0
ridiculous,0
establishment working overtime derail donzilla trump,0
police officer wounded suspect dead exchanging shot richmond police officer wounded suspect killed,1
riot kit bah part new concept gear coming autumnwinter menswear fashion urbanfashion,0
save upset stress upheaval let u help keep elderly people independent companionship care chester,0
pilot dy plane crash car festival via crash aircraft airplane pilot death accident carfest,1
anyone else getting ton telemarketing call cell phone ive deluged,0
curfew really help think bc,0
obama declares disaster typhoondevastated saipan obama sign disaster declaration northern marians,1
rated catastrophe imdb hilarious,0
hope trip fall cliff tweet,0
china stock market crash gem rubble roimentor yycwalks,1
memorial unveiled travis county deputy killed sept flooding travis county sheriff greg hamilton joined,1
novice renison mine see seismic event small earthquake tasmania renison tin project created tem,1
wtf biological father holding hostage adoptive parent havent even looked criminal mind got fucked,0
cyclist collided runner roanoke greenway win civil verdict roanoke time cyclist,1
ohgod xd didnt mean fire truck back make good xd,0
investigator say fatal virgin galactic spaceship crash last year caused structural failure co,1
catch last minute finally monwabisi get shot lol hlongwane ryt twin gon na destroy ashestoashes,0
twitter count rioting financial collapse brazil rio,1
cop injured gunfight militant attack udhampur police post suspected militant attacked police post,1
got last month went ee shop glad hasnt blown yet,0
hurricane sick,1
siren telling get ready turn,0
california oil spill might larger projected,1
anyone missing license plate two stolen one found terrorist car,1
much shit going head id rather talk outburst displaced aggression sux,0
random wind gust came gander probably convection outflow havent heard thunder yet spit rain nlwx,1
new mad max screenshots show lovely dust storm combat magnum opus,0
nicole fletcher one victim crashed airplane time ago accident left little bit trauma although shes,1
im work bunch ppl bus train derailed,1
dont,0
bmw emergency warning hazard switch button oem,0
camilas follow spree tonight im screaming happiness,0
cant fix stupid mt dont drive flooded underpass warns city enacts municipal emergency plan yyc abstorm,1
family sue legionnaire family affected fatal outbreak legionnaire disea,1
hellfire even want think mention let anything lead islam,0
plus youre well inundation zone amirite,0
rly tragedy mp live recount horror saw coach train plunging water called,1
run setting forest fire bite shit neck,1
photoset hakogaku kurd born battlefield raised battlefield gunfire siren,1
tale tree deep water loving lake tahoe forest fire,0
zayn blew twitter,0
arent dangling piercing crystal potentially hazardous eye,0
thing getting caught dust storm amp challenging real estate market common video,0
deluge troisrivieres one hour get legionstrackandfield,0
navy sideline newest sub,0
feel like ive got control anything go life minute whirlwind drained,1
turn espn get blown,0
believe shirt company every animal ever danger better start seeing change wildlife,0
county overload prompt use emergency plan july celebration,0
poway hcg diet ensures mole obliterated whensoever nevermore come sizygwwf,0
orchid sign witch,0
year atomic bomb japan still struggle war past anniversary devastation wrought,1
started writing couldnt talk trauma therapy way could communicate gravitychat,0
rt abbswinston zionist terrorist kidnapped palestinian overnight terror palestinian village,1
regress slip fall cliff,0
nuclear deal disaster irandeal nonucleariran badirandeal,0
young dancer move youth attendance gmmbc youth explosion past saturday inspiring,1
vanessa game officially blown lady gentlementhe real show begin bb,0
watching man electrocuted roof mumbailocals definitely lesson people please learn lessonforlife marinelines mumbai,1
parent colorado theater shooting victim fear copycat massacre antioch,1
due upheaval created west iraq syria libya etc,1
cdc pretty cool list bioterrorism agent,1
freeway africa til wrecked audi,0
kid got disney version game operation aa battery swear old version like d would nearly electrocute,0
aannnnd reddit quarantine offensive content,0
america said war terrorism police took ar ready start shooting enemy,1
top turn darkness king redeem queen serene famine wolf,0
dtn italy family sue legionnaire family affected fatal outbreak legionna,1
high time tv channel realised level sunk trp adsit become mockery,0
emergency response hazardous chemical management principle practice,0
raw video dust storm roll texas,1
guy idk made woman crush first one ever,0
computer gadget two giant crane holding bridge collapse nearby home slingnews,1
theaf comment new evidence japan effort build atom bomb end wwii,1
didnt,0
quick shut show take stage evacuate everyone mthe premise louis upset,0
wftv eyewitness news fbi man stole u secret married honduran minor sex,0
going fest bring swimming goggles dust storm circle pit,1
really liked first hobbit movie saw three time theatre saw desolation smaug came feeling,0
nuclear reactor like woman read manual press right button,0
disaster impairs mental health especially vulnerable individual,1
everyday near death fatality road thank god side,0
know bad bee dont give pressure short term profit obsessed chemical company,0
view smoke column rising south end blake fire along forest road routecomplex,1
ginga think defeat ldrago destroy cant,0
buddha man time massive urbanisation social upheaval also challenged brahman dominance genius ancient world,0
akilah world news cop pull man car avoid,1
country latin america next argentina one week ago reported economic devastation,0
iwasdisappointedby telltale walking dead good character ampstory real gameplay many performance issue,0
question would crush ortiz bunting sport writing forefather crushed williams,0
added video playlist gta funny moment obliteration gta online funny moment,0
man reading list famous musician oppose nuclear powerwow powerful evidence must know lot seismic risk,0
road hazard cascade rd sw childress dr sw,0
suicide bomber kill saudi security site mosque mercados,1
liked video mk tremor stalag might fatality ermac tournament pharaoh,0
biggest nuclear disaster ever happened,1
drowning girl caitlin kiernan centipede press signed numbered limited full,0
bicyclesuv accident mesick police say bicyclist entered onto west collided boat,1
twelve feared killed pakistani air ambulance helicopter crash reuters yugvani,1
wake kern county eyewitness news morning airing right kbak cbs liveonkbak,1
violent country get army involved help control killing bring back peace poor people,1
wipp emergency activated slightly elevated level radiation sejorg,1
parent colorado theater shooting victim fear copycat massacre antioch,1
kisii police kisii hunt student failed arson plot police kisii hunt student countynews,1
ur friend talking forest fire forest tell drop ur mix tape straightfire,1
volleyball attack ii volleyball training machine set simulation,1
whats man,0
la vega top city redlight running fatality,1
meet bloody r,0
see massacre,1
last second ebay bid rt shaolin rescuer dvd shen chan nan chiang five venom kung fu please favori,0
severe hailstorm progress northeast logan county cowx,1
yea someone faint panicking thats basic stuff,1
making bad boy must see,0
another entity forced close montego bay result collapsed sewer line tvjnews,1
crime killeddisplaced million systematic torture carried look grahamwp fired gun arrest,1
hear thunder,0
yeah grew canyon la evacuate time,1
magnetic electrostatic nuclear fusion reactor,0
love cotton candy blizzard,0
emergency service committee personnel committee meeting thursday night,0
reddit quarantine offensive content,0
europe nature kind u tornado hurricane wild fire earthquake flash flood mega snow drought,1
alrighty hit well blaze,0
nosurrender result full metal mayhem world title match bully ray taken career come end,0
tram traveller evacuated powerlines come surfer,1
thank,0
bug almost crashed euro,1
seismic apple tv service stream channel across,0
mtsalert orange amp blue line rider expect delay downtown due sinkhole thats developed vicinity th amp street,1
satellite spy super typhoon soudelor space photo,0
star war power jedi collection battle droid hasbro full read ebay,0
woke drake body bagging meek meek cant spit ya girlfriend lay man right,0
resident return destroyed home washington wildfire burn,1
armageddon averted el patron ultimalucha,0
instead dumping water please send british columbia help forest fire,1
didnt say referring main building hit rubble,1
roosevelt wash evacuation order due wildfire,1
there fire truck parking lot,0
civil war general battle bull run hero colonel nd new hampshire letter signed,1
bleeding instinct kicked look away scratch back head,0
listening demolish cant wait bait patriot hater coworkers brady discussion,0
read break hour twitter noticed though nothing worry bc twitter wasnt exploded bc,0
horrible sinking feeling home phone realise whole time,0
photoshop c crash course course,0
flattened raynor raynor balding imperfect biker marine emo generic western hero,0
lily xo sexy cowgirl stick view download video,0
rt thr rt thrarchives leo mgm lion survived plane crash tbt,1
calgary police flood road closure calgary,1
control tora,0
phone scream jaileens caked phone everyone look,0
absurdly ridiculous men fashion demolish manhood,0
aiii need chill answer calmly like shes attacked,0
chemical romance desolation row np,0
briton rescued amid himalaya flood,1
terrorist tried get car shot,1
slayer reflects low mayhem festival attendance king diamond amp jeff hannemans passing,0
potus strategicpatience strategy genocide refugee idp internally displaced people horror etc,1
russian food crematorium provoke outrage amid crisis famine memory,1
set heart ablaze every city gift every skyline like kiss upon lip,0
survive market oil investing money trading forex gold silver business,0
grow calgary avoids worst city wicked weather,1
wow convincing amp compelling evidence change view climate change denier tend destroy givingevidence,0
alabama home quarantined possible ebola case official say quarantine place bluehand pjnet,1
idfire cherokee road road three sister wildfire two road closed general public,1
couple storm near guthrie ok leaving norman evening lightning op okwx,1
nah thinking getting stretcher foreskin think,0
hijacking electric skateboard make safer,0
wacko like michelebachman predict world soon obliterated burning firey inferno cant accept globalwarming hello,1
sometimes space celestial body separate trajectory intertwine find dance rather collision course,0
straight bass dubloadz droppd opened meltdown everyone meelllttting,0
opening regular master pack rt sunk mil credit light side didnt pull one sure odds,0
let people surf hi waimea bay like beach ever inundated surfer,0
cop pull drunk driver safety second car hit train via,1
meg issue hazardous weather outlook hwo wx,1
cant watch tat show like horror movie get flashback everything traumatised,0
stunningly poor defense pitcher bat mia like top st inning team trouble,0
chinese flooding nyc market like never,0
hey love bird getting submission whirlwind wedding war fantastic keep sending guy,0
sad learn derailment train mpmy deepest condolence family lost loved one mishap,1
salvation army host rally reconnect father child salvation army hosting back school rally,1
guess ill never able go mayhem,0
congratulation capturing besieged city month indiscriminate bombing land amp air,1
mass murderer che guevara greeting woman north korea,1
id smoke brooo,0
criminal hijack lorry bus arrested enugu according nigerian police force via,1
hiring click apply rn iiemergency servicesft nursing houston tx,1
deluge hell vine,0
flame visible fire tucson mountain lightningcaused fire burning steep rocky terrain mountain,1
also loved bury heart wounded knee thegame,0
bowl got thinking damn ive blazing damn long,0
iof murdered palestinian child gaza massacre zionist moralityzionism world evil,1
spot flood combo inch curved cree led work light bar offroad fog lamp full,1
police officer wounded suspect dead exchanging shot ushed,1
joe landolina gel make stop bleeding instantly arizona realestate,0
ton cocaine worth million dollar drowned alameda thats american drought coke,1
get wrecked,1
shoe asics gtii super red ronnie fieg kith red white gel grey volcano,0
scream internally,0
hi sorry delay slightly inundated application mo get back asap,0
pretty teen hayden ryan pose strip purple top view download video,0
saudi arabia abha fatality reported following suicide bombing mosque avoid area,1
tension abia inec office razed governor ikpeazu pdp apga react,1
would black dude antioch would rioting,0
suicide bomber kill saudi security site mosque suicide bomber killed least people attack,1
learn gained access secret top earner amp used explode home business please rt,0
radiation emergency preparedness start knowing get inside stay inside stay tuned via,1
world fedex longer transport bioterror germ wake anthrax lab mishap,0
engulfed low selfimage take quiz,0
video picking body water rescuer searching hundred migrant mediterran,1
british diver neil anthony fear found dead wreck steamship daily mail,1
condemning death due heat wave karachi may allah gv patience heir,1
remember nora jones crushed two week notice,0
bigrigradio live accident awareness,1
drew storen probably curing cancer amp saving puppy burning building contemplating deserve disrespect,0
screamed sidjsjdjekdjskdjd cant stand,0
burst water main cause major flooding birmingham hospital omg,1
pic yr old pkk suicide bomber detonated bomb turkey army trench released,1
okay welcome rain gave storm could weather,0
aggressif bloody aggressive,0
update rly life itscreams vibrates cant handle,0
gas thing exploded heard scream whole street smell gas,1
japan nuke program albeit unsuccessful casualty estimate ground war ten million,1
wwi wwii japanese army navy military japan leather watch war mido ww full read ebay,0
train derailment patna news casualty far,1
photo flame rage manchester building alarm fire nh news,1
liked video extreme paint twister,0
julian knight dismisses mass murderer attempt increase prisoner pay challenged quantum increase,1
imagine entire aisle dedicated making people look like serbian refugee director whole food clothing section,0
lol look tough people talk live gang infested city america mouth isnt weapon fucking wimp,1
stuck sleeper train hour derailing due landslide definitely pit trip,1
yearold boy charged manslaughter toddler report yearold boy charged manslaughter fatal sh,1
mh aircraft debris found la reunion missing malaysia airline,1
comdev asia radio station bangladesh broadcasting program address upcoming cyclone komen,1
replacing fear unknown curiosity open,0
call report dangerous activity tell em body bag arrival,1
wanted set chicago ablaze preaching hotel,0
severe weather statement issued august pm cdt nw severe thunderstorm warn skywarn okwx,1
blaaaaaaa said sunk face stomach making vibrate,0
mom didnt get home fast wished mom accident truck spilt mayonnaise,0
builder dental emergency ruined plan emotionally blackmail afternoon bump,1
usw damage abandoning deal could well create new level uncertaintyeconomic upheaval amp military unrest,0
loki dagger pulled jammed mina thigh mina screamed grabbed leg sif,1
thanks lot roadworks men co tube strike wasnt disruptive enough walk desolate route tottenham,1
catastrophic effect hiroshima nagasaki atomic bombing still felt today,1
hamptonroadsforme u navy sideline newest sub,0
huh leo started last year ever since people blaze back,0
weather warfare follow money government founding father warning u weather,1
like scene world collide,1
make feel better im level still get demolished,0
apply work dilawri body shopcollision centre manager vancouver job,0
edwin wow crushed,0
dont let asshole ruin night,0
damnwas wondering drone ended freak windstorm,1
abcnews obama declares disaster typhoondevastated saipan obama sign disaster declaration northern,1
kinda shii nasty blood pun intended,0
make,0
emergency service unsure cope loss paging network,0
smoke crqck becyme mayor includes foursquare,0
ara news reporting jan fighter infiltrated ashrafiyah district afrin aim carrying suicide attack ypg imposed curfew,1
im screaming fangirling oh god,0
make sense paper beat rock paper come wood wood able support obliterate rock,0
offer preventative service cabling bracing stop structural failure tree call book ct,0
dragon ball battle god rotten tomato via,0
toxiccancerdiseasehazardous wastenoxious,1
guy whistled parking lot amp help wind blew skirt getting car,0
wont let dont follow,0
new isi video isi threatens behead croatian hostage within hour tlvfaces tlvfacesauspol,1
th death confirmed legionnaire outbreak south bronx total case reach triple digit,1
deliver value cash source crash course course,1
report corey brewer drug tested point explosion,1
flattened cartoonylike whoa papa,0
pandemonium aba woman delivers baby without face photo,0
youre slating injury youre disgrace afc fan base injury happen cunt,0
im sure shop deluged local child wanting buy really,0
family sue legionnaire family affected fatal outbreak legionnaire disea,1
screaming hell yes ahhhh omg,0
whole city trapped cant leave city supposed normal sport manga wit love triangle,1
finnish nuclear plant move ahead financing secured via,0
fedex longer ship potential bioterror pathogen atlanta business chronicle,0
flood two people dead house destroyed kaduna two people reportedly killed semasirtalks,1
war came see never see waved white flag front end dead wont misled,0
caution breathing may hazardous health,1
droughtmonitor moderate worse drought contig usa affect people,1
hellfire surrounded desire careful let desire control afterlife islam,0
industry tryna destroy cause exposed cash cow,0
pakistan supreme court endorses military court terrorism case,1
starmade stardate planetary annihilation via,1
mosque bombing strike saudi special force least people dead suicide bomber struck mosque news,1
young german stormtrooper engaged battle somme,1
hellfire ep silentmind amp,0
usgs northern california time utc utc epicenter earthtwerk,1
woman crush,0
chapoutier crozes hermitage much purple violet slate crushed gravel white pepper yum france wine dc,0
maryland mansion fire killed caused damaged plug christmas tree report say flame,1
there fire alarm going zehrs keep working minute decide evacuate everyone,1
realized dude way blew tusky game,0
happy birthday big bruh,0
storm prediction center expanded slight risk area include central nc twcnews ncwx,1
nema warns nigerian prepare drought,1
nw continued severe thunderstorm warning oklahomaok pm,1
meatloving feminist world riot grill arrived pop quiz prefer fem art,0
reaad plsss nigerian refugee repatriated cameroon,1
arson suspect linked fire caught northern california,1
come join u tomorrow august transcendblazing trail diversified world marketing,0
new lady shoulder tote handbag faux leather hobo purse cross body bag womens,1
tiger wonder much upheaval team affecting different player tonight,0
fifth predynastic king legendary period deluge dumuzid shepherd,0
leeds fan rioting embra lower tier league cup final dee dum,1
feel like would try grab one he cheetos ill get bombed,0
lying clinton sinking donald trump singing let make america great,0
israeli force raid home alleged car attack suspect palestine,1
stay tuned dont idc casualty,0
careful hurricane season,1
drug alcohol jackson vroman house,0
thanks letting stay since manor blown anyways buddy,0
twitter update pretty much wrecked app,0
liked video sick riot shield slide spot,0
interesting approach doesnt replace eyewitness video ferguson case video,1
wreckage conclusively confirmed mh malaysia pm investigator family,1
highly recommend titania whirlwind reimagining shakespeare midsummer,0
need dust storm film asap also watch trailer th time,0
smoke whatever got,0
sure megaquake story brought sense panic question anything really change,1
typhoon soudelor taking dead aim taiwan,1
fedex longer transport bioterror germ wake anthrax lab mishap via,0
know plan declares lord plan prosper harm plan,0
love picked playing worth fifth harmkid ink listen amp vote,0
severe thunderstorm warning cancelled central oklahoma still expect mph wind penny sized hail,1
fettilootch slanglucci oppression greatest danger coming soon album,0
thankful first responder especially life saving response today antioch,1
finally demolished spring property sat vacant since saddlebrooke,0
leitchfield ky bella edward amp rosalie need rescueadoptionlocal foster homessponsorships trapped amp,1
possible sneak hospital stab hazardous needle inject crazy disease vein die,0
dont blink wont see lightning take,1
today corii siren birthday spoil wishlist,0
sure made impact,0
pisces tweet need get better tweet make sound like total emotional catastrophe,0
pretty disaster gbbo mudslide,1
one rioting burning building looting,1
national briefing west california spring oil spill estimate grows document released wednesday disclos,1
panic patient alabama test negative ebola,1
warfighting robot could reduce civilian casualty calling ban premature ftsn ftsnnewsdesk,1
dont let style fall flat summer lord amp cliff thinkpink magichairbump answer adding,0
dont even remember slsp happening remember like wtf light turned everyone screamed encore,0
would survived without mute option whatsapp,0
gtgt shock aba woman delivers faceless baby photo pandemonium bennycapricon,0
small earthquake la dont worry emmy rossum fine,1
still rioting gmail,0
back beach deluge surf camp motion surf therapy programme kicked today,1
new giant flame giant manly brown infoorder sm pin,0
apollo brown detonate feat mop mello music group via soundcloud,0
added video playlist panic disco miss jackson ft lolo official video,0
known better think id get anything done hour capoeira class stretcherbearer,0
word describe physical painthey ripped apart screamed dear lifeits like engulfed,0
want everyone know emilee worried getting milkshake supposed evacuate,1
american weapon support fueling bloody air war yemen,1
usually never happens,0
asked feel attacked julie asked frail,0
new lady shoulder tote handbag faux leather hobo purse cross body bag womens,0
dont know way ambulance coming ltlt,1
alil twister tha end like oh nah,1
youre gon na take break work got ta right carlilescanoelivery lovemyjob,0
breaking news global precipitation measurement satellite capture image typhoon soudelor,1
ambulance sprinter automatic frontline vehicle choice lez compliant ebay,0
russian nuclearbiologicalchemical nbc brigade emergency response exercise southern md,1
ignition knock detonation sensorsenso standard fit mazda lv,0
nkea destroyed life gambia mercenary judge,0
fedex longer transport bioterror germ wake anthrax lab mishap,1
people worried burning building black people losing life disgusting,1
siren cancelled,0
deepak chopras epic twitter meltdown,0
nuclear solar power japanese fukushima reactor energy japan temperature fuel pool,1
musician kalle mattson recreates classic album cover clever music video avalanche,0
also loved episode bang season caroline bigsby took hostage supermarket,0
rainstorm didnt last nearly long enough,1
snowstorm planned outside rome st mary major tonight annual occasion artificial snow remembering summer snow ad spot,0
kinda screamed gtlt,0
plain calif oil spill could larger estimated,1
car right front collided hadnt stopped time wouldve butgod,1
look previous battle citizen committing suicide american control bomb way,1
oh god biggest gbbo catastrophe ever seen watch show,0
super sweet beautiful,0
militant attack police post udhampur spos injured livemint allthenews,1
ever seen president killed wounded child man crashed sister plane claimin sent god,0
inundated westeros storm sword book tape amp finishing game throne dont know starks greyjoys,0
evacuation order lifted town roosevelt,1
photo beach earring beach jewelry vacation earring keep calm beach earring made flattened,0
people finally panicking cable tv,0
fact yall could tag like small creeping self inflicted injury skin derma bracket would nice,0
loan upheaval way oneself save house leaving foreclosed ontejc,0
rt geekapocalypse pm gmt hesse play dark soul day etcpb,0
seek help warra metrofmtalk,0
tarp protecting outfield moved infield getting deluged,1
theyll probably allow u ascend get damage max value,0
im experienced injury waist,0
riddler would best earlyexit primary presidential wannabe ever certain chance get wrecked rich guy,0
rave wedding seeing eye bleeding,0
usgs eq km ssw anza california time utc earthquake,1
august daily horoscope relationship upheaval next month may disruptive,0
killing black baby planned parenthood wheres demonstration looting pp burning building black baby life matter,1
hot funtenna hijacking computer send data sound wave black hat prebreak best,0
severe storm weakening move se towards lubbock area outflow boundary may create dust mph gust,1
pak terrorist caught alive must tried fast delayed kasabwe must send hard message pak instead biryani,1
little gecko chillin garden ended helping suspected might drown,0
wreckage mh najib mh najibrazak malaysiaairlines,1
im ready explode,0
inside explosion box get customized way want dcubecrafts greetingcards,0
aftershock,0
waking sick rainstorm outside would usually make sad today though put kook stereo let,0
sky clear storm passed still raining head,0
interesting mh aircraft debris found la reunion missing malaysia airline abc please rt,1
obliterated phone screen today drum stick blessed,0
feel deluged low selfimage take quiz,0
public vote next annual village disaster want isi strike nuclear accident amp end forever,1
thisisfaz anti collision rear technology cool via techesback tech,0
firefighter headed california fight wild fire,1
standard damage control,1
ross dead noooooooooooo,0
boyfriend want see twisterlovesshania,0
noooooooo proceeds fall cliff,0
messed feeling like hurricane damaged broken home,0
usfs acronym united state fire service,0
obama declares disaster typhoondevastated saipan obama sign disaster declaration northern marians,1
friend like blood beside u always come wounded,0
sassy city girl country hunk stranded smoky mountain snowstorm aoms ibooklove bookboost,0
warned expected threat soul,0
omg cain dy emotional wreck emmerdale,1
im sorry meltdown last night lmao im getting tooth fixed friday,0
good thing actually legit fire mall nobody evacuated,1
notley flattened harper heartland harper imported ten thousand tfw slave cost albertans job,0
heavy rain lightning overhead oakridge sw calgary least melt hailyycstorm abstorm,1
mission see end movie last night getting fire alarm evacuation,1
flood mudslide warning east fjord iceland review icelandreview via,1
hellfire song hunchback notre dame reminds lot house,0
former township fire truck used philippine township langley assistant fire chief pat walker spen,1
nearlyfatal pee san francisco,0
kca votejkt id news update family displaced fired damaged housed near th osborn fire extinguished,1
equal spirit leave roskomnadzor ridiculously politicized destruction illegal food,0
one thing wan na see diegt trump standing good windstorm hat hardball,0
im weak af,0
firefighting consumes forest service budget spark political clash forest service report cite increasing cost,1
let destroy twitter come brbrs let morning fousey,0
italy three dead landslide italian alp via,1
evening sun article nno,0
worked factory pressing design onto tshirts electrocuted dt faulty ground bos docked pay er worstsummerjob,1
deluged low selfimage take quiz,0
remove linkury browser hijacker,1
pic yr old pkk suicide bomber detonated bomb turkey army trench released,1
mourning notice stabbing arson victim stir politics grief israel poster shira banki,0
ogun smuggler engage custom shootout several person allegedly injured wednesday men rt,1
eye nation amp broader conservation community alaska reinstate emergency buffer protectdenaliwolves,0
lrt refer lyric hear big boi explain cool sippin milkshake snowstorm lame bar effective time,0
try electrocute self phone cord,0
lol warthen midst bullpen meltdown reaching double bubble mets,0
despite deluge fantasticfour notice man ocuana still buying ticket he bloodyminded like,0
currently blasting benediction sanelesstheory metal devastation radio,0
family member osama bin laden died airplane accident ironic mhmmm gov shit suspect,1
sismo detectado jap report okinawa island region depth km maximum seismic intensity jst,1
china delaying deluge fundamental economy support valuation stock,0
severe tstorm warning union county pm top threat include heavy rain lightning amp damaging wind,1
murfreesboro peep im hearing walmart rutherford lockdown hostage true rumor,1
mixtape coming promise goin right,0
new type adhd head injury child linked longterm attention problem,0
name country weve invadedbombed aside libya north africa last year,1
uribe obliterated baseball,0
tornadogiveaway thebookclub join,0
governor allows parole california school bus hijacker fresno,1
lol traumatised child wednesday release topic thursday hashtag game week xoxo,0
refuse let life reduced rubble shit keep piling get shovel,0
rt fittscott minecraft night lucky block mod bob apocalypse wither amp mod showcase popularmmos vi,0
waldo thunder cooperstown dream park dedicated joestrong gokitgo,0
fall cliff hell idc,0
middle winter sydney snow bush fire degree day last week keep toe sure,1
rt hourfamine bangladesh government declared flood emergency worldvision continue,1
gamma ray january world collide wait wave past perfect reunion lucky cool come hot time,0
haha love,0
driver fatality irish road pedestrian cyclist risk,1
suicide bomber kill saudi security site mosque reuters,1
texas seek comment rule change windstorm insurer,1
trying look cute wen crush passing,0
good dis bad beat flow mark word meek mill body bagging responds patient patient meek battle rapper,0
demoness voice angel like siren call beckoning void dont,0
russian food crematorium provoke outrage amid crisis famine memory via,1
debris confirmed mh relative hope discovery crash site malaysian official confirm breakth,1
curfew,0
talk please dont harm self way shape form please care saw right better,0
mike magner discusses trust betrayed via military veteran environment,0
wrecked hour youtube amp practice time,0
guardian view hiroshima legacy still shadow bomb editorial world longs ca,1
sismo ml near coast western turkey magnitude ml region near coast western turkey c,1
storm came fuck cool,1
nowplaying lightning strike de snow patrol de hundred million sun,0
trouble one buffetts favorite sector,0
gamergate entire attempt hijack community destroy industry scam everyone sight sarcastic drop dead,0
southkorea dog preparedelectrocutedboiling waterfur machine still alive,0
wired business reddit quarantine offensive content,0
obama signed deal far making world safer place via iran nuclear irannucleardeal,1
accident injury nj sb cr leonardville rd,1
there still room party first responder around country rd annual best ever,0
prayer cousin he california helping wild fire,1
foot sinkhole open lowndes county residential area wctv minute ago,1
stay drowning till watch nashsnewvideo,0
lake see dead fish poor little guy wonder happened ashley idk maybe drowned wtf,0
u energy department offer mln new nuclear reactor design sputnik international,0
idgaf tough canada north philly meek acting like bitch amp drake body bagging as track,0
toddler drowned bath mum left room fetch pyjama,1
traumatised lil shit nearly hopped bloody shower,0
september defeater epicentre hell yeaahh,0
great time bus driver held u hostage mall parking lot lmfao,1
didnt look like murder scene cop fire truck fire assistance car along helicopter,1
family ruin something actually going good,0
enjoy impending landslide todd hehe,0
week first responder dart member participating four day intensive technical large animal,1
came across fire video mineenjoybabes way saying hi he fire truck fireman,0
firefighter connecticut headed california fight wild fire,1
morning fdny responded sinkhole brooklyn unit remain onscene amp others,1
hurricane mixxtail kinda taste like watermelon four loko,0
understand fatality one trapped inside wholesale market fire engine fire fighter scene,1
hellfire surrounded desire careful let desire control afterlife,1
bestnaijamade yr old pkk suicide bomber detonated bomb bestnaijamade bestnaijamade bestnaijamade,1
stay vigilent civil liberty constant attack nativehuman myreligion,1
sometimes cheekiness bleeds computer screen recoil fear,0
top link reddits new content policy go effect many horrible subreddits banned quarantined,0
comeeeee bout storm tho,1
kitana fatality slay kody vine,1
minute fatburning routine also really fun fat weightless fatburning burnfat skinny workout,0
tribe keep sinking everyday seems faster year titanic disaster,1
favourite youtube channel going right love everything guy thank introducing dude bro party massacre,0
clev clev indeed know happened ben clev drowned clev father,0
california law negligence firework explosion incident,1
cancer equate around death blackpool kowing sign could save life beclearoncancer,1
well unfortunately follower stage pic came today advanced apology inundation,0
setting thing fire always option,1
question anybody else problem circle epicentre via rjailbreak,0
swansea plot hijack transfer move southampton target virgil van dijk,1
traffic freezing cold blazing hot heat traffic,0
get demolished patriot like whine integrity cantmakeitup patriotsnation,0
video picking body water rescuer searching hundred migrant bbc news,1
tweeting driving joshua typo hazardous,0
blizzard auz pm cst hr rock make hump day complete,0
commiting mass murder tonight,1
cryptic word guided pilot hiroshima bombing mission,1
cant wait beyond obliterated weekend,0
wipp facility nm investigating site filter radiation reading activated emergency ops center say offsite release,0
wait thought fecal hurricane scifi maybe turdnado ive forgeting shit storm lately,1
swansea plot hijack transfer move southampton target virgil van dijk,0
sad biker beatdown derailed prodemocracy work undercover,1
malaysia confirms plane debris washed reunion island flight mh,1
multiple building fire downtown hinton,1
bring back demolition head quarter,0
oops bounty hunter try raid phoenix police chief home group armed bounty hunter surrounded,1
luke microphone exploded ovary,0
dante exums knee injury could stem jazz hopedfor surge back,1
use exactly national assembly honestly worthless derailed,0
dan hughes taken stretcher danielle robinson collided hope ok called game year,0
please blizzard love,0
kalmikya astrakhan volgagrad dagestan already food left locust via,1
greer man dy wreck,1
truly scene chaos unprecedented frenzy pandemonium even utter disorder anyone survived mania astounding,1
bank manager asks tom interview cyclone tom loan given purchase bicycle,0
beyonce pick fan army beyhive,0
think well bloody barking,0
im emotional wreck right,0
ukraine argues u weapon pelosis visit kiev,1
exploration take seismic shift gabon somalia,1
another standuser detonate killer queen,0
hollywood movie trapped miner released chile,0
police officer arrested abusing child policerun boot camp san luis obispo calif,1
shes natural disaster shes last american girl,0
greater tragedy becoming comfortable life,0
thanks damn heart attack,0
trick think nasty thing,0
yes gun,0
mh victim family furious medium told wreckage confirmation first,1
real life tragedy monicas hair given season friend,0
tell tragic midmorning collision claimed life young man riding motorcycle,1
typhoon soudelor taking dead aim taiwan,1
hiring read latest job opening registered nurse callin military program nursing,0
christian attacked muslim temple mount waving israeli flag via pamela geller,1
earthquake sismo km interlaken california time utc,1
look state action year fergusons upheaval,0
beforeitsnews global derivative quadrillion time bomb,0
thats planet lone audience apocalypse,0
latest reveals storm queen apocalypse,1
afghanistan un report recordhigh level civilian casualty news afghanistan united,1
idki feel like movie done harm good make u look sterotypical annddd colorism prevalent sort,0
elem pomo helping displaced rocky fire please consider elem evacuation center via,1
rfp fire truck service body fire fighting rescue amp safety equipment transporta,0
ill bet,0
due rainstorm last night cupcake decorating happening rec hall proceeds iwk,0
spot flood combo inch curved cree led work light bar offroad fog lamp full,0
great performance chip fuelgas saver chevy tahoeblazeravalanches,0
megadeth week symphony destruction,0
ev make wan na drown he idiot,0
still rioting couple hour left class,1
photoset littlebitofbass silinski ed sheeran hobbit desolation smaug german premiere,0
mane im raider fan drought need go lol,0
happen conveniently forget zionist revere honour mass murderer baruch goldstein,1
screaming baby would loved much,0
rescuer searching hundred migrant mediterranean boat carrying many people capsized coast,1
detonation quote esteemed belt quote regarding one recent esevu,0
pandemonium playstation one p retro classic original platform platinum raredealsuk,0
bloody ell let burn rubybot,0
ill drown river walk,0
drunk meal cook youre totally obliterated,1
hiroshima survivor fight nuclear industry brazil video,1
drowning girl caitlin kiernan centipede press signed numbered limited full,0
happy twister thank laugh sticking side matter also,0
would say im dead im right obliteration,0
whats going hollywood abc eyewitness helicopter siren hometownglory,0
audio business owner share would differently pt,0
senator john mccain whoop moment photographed chilling isi,0
speaking memorable debate second knowitall ronald reagan landslide romp election day,0
emergency responder prepare chemical disaster hazmat training,1
someone harm angel,0
one direction pick fan army directioners,0
helping hand mumbai ttes take charge helpline calm anxious relative indian exp mumbaitimes,1
remove linkury browser hijacker,0
like cyclone imperialism spin across globe militarism crush people suck blood like,1
im drake fan enjoy seeing bodybagging people great marketing lol,0
tension bayelsa patience jonathan plan hijack apc pdp,1
mercury cyclone gt quarter panel d rear trim moulding cobra jet cj,1
twelve feared killed pakistani air ambulance helicopter crash worldnews,1
final medinah update shot front exploded back imkeepingmydayjob pic famous,1
njturnpike njturnpike reopens hour truck fire,1
garbage truck really caught fire lmfao,0
photo boyhaus heaven sent jake warm morning montana madison river early evening,0
u record hurricane drought united state hasnt hit major hurricane past nine year seems like,1
looking repair recent bad rap nonprofit partnership,0
mix new flat double sided linerless bottle cap choose mix flattened full,0
ir icemoon aftershock dubstep trapmusic dnb edm dance ice,0
fire pisgah national forest grows acre,1
wanted see info blight got,1
autoinsurance industry clueless driverless car healthinsurance,1
anyone know fox news livestreaming tonight republican debate online want watch train wreck,0
lt dead kuwait mosque suicide bombing claimed isi offshoot,1
large sinkhole swallow entire pond lowndes county georgia yonews,1
nagasaki forever last city bombed nuclear weapon bannukes,1
nissan ok need medical assistance call ambulance need,0
news update enugu government demolish illegal structure international conference centre via daily post,0
spot flood combo inch curved cree led work light bar offroad fog lamp full,0
im hungry hostage,0
throw water drown last word choke,0
ronda rousey would close making floyd mayweathers money fight bloody elbow boxing,0
seeing army whitewalkers first thing slightly intrigued got far,0
wonder time someone wrecked trying stare drive move fast furious,0
ill dm hotel info people flooding notification asking info,0
second tornado confirmed sunday storm,1
liked video minecraft episode blaze farm beginning,0
think none u know impact life around u even slightest stirring create violent storm,0
afghanistan sharp rise woman child casualty first half,1
louis red jacket round aka drowning tear,0
pakistan supreme court ok military court try civilian supreme court ruling would empower milita,0
apollo brown ft mop detonate,1
ashley going hurricane harbor friday,1
china detains seven christian trying protect church cross demolition,0
police officer wounded suspect dead exchanging shot,1
shtap town obliterated earth salted tt,0
demolition amp still fire freestyle ever,0
oclock mom said everyone go home curfew,1
horrible car accident past sunday im finally able get around thank god,1
earthquake occurred near mount st helen area washington utc earthquake,1
severe weather bulletin tropical cyclone warning typhoon hanna issued pm thursday august,1
call text nigga bff amp boyfriend love boy death nigga hold attention like,0
woke blown lol,0
cause right read good dont send letter unless youre gon na mail desolation row,0
crackdown destruction restricted multiplayer crackdown impressed earlier week demonstratio,0
womens buckle casual stylish shoulder handbag pocket cross body bag green,0
burford catastrophe traffic big lorry action usual council,0
know question interpretation sign apocalypse called,1
burp smoke come,0
real nigga hold supposed drown,0
landslide kill three near venice heavy rain,1
trafford centre film fan angry odeon cinema evacuated following false fire alarm twitter user tell,1
emergency root canal tookitlikeaman lovemydentist sore,0
see night wee barra get absolutely wrecked,0
oil price falling driver could reap benefit,0
esn cilla black died stroke fall spain sir cliff revealed due visit spain next,0
first zippoline one want use community never asked blight park moveit,0
got gif bombed africansinsf beyondgps,0
ever want obliterate entire specie face earth vote mosquito,0
market news activision blizzard cognizant technology first solar,0
various issue fail derail home bid,0
thirsty yall danger dehydration,1
drowning girl caitlin kiernan centipede press signed numbered limited full,0
mrw sinkhole open beneath friend gif funny lol comedy ifunny video image rt,1
homeless man traveling across usa stray dog rescued get helping hand stranger via,0
biolab safety concern grow fedex stop transporting certain specimen research facility dumbfounded action,0
kill val im rioting emmerdale,0
still hasnt sunk never see nan month already,0
need work office bang fav future jam loud,0
shadow boxing apocalypse,1
success permanent amp failure fatal,0
nuke please target hilversum please detonate meter surface,1
car wreck,1
brain twister let drop telly structuring cast edcxo,0
abe government said missile weapon jsdf could provide ally collective self defense right exercised,1
adani amp modi plan mining derailed australia court block huge indiabacked coal mine via,0
obligatory middle night panic attack,0
scream get face full saku genitals,0
westminister sr knott st trfc collisionno inj,1
apply muslimsterrorism catholicismhomophobia,0
perceive burn faintly like sputtering candle vast desolate glacier eternity sister gyrsi,0
mom annoying turn beat pill way drown,0
twovehicle collision fowler corner hwy frank hill rd blocking road opp minor injury occupant,1
still dont see point frozen sequel like wheres wreck ralph sequel,0
saw pileup tv keep racing even bleeding,1
theory make way much sense say dwarf may actual origin blight,0
zouma absolutely flattened guy,0
reddit quarantine offensive content,1
dublin north flynn rd onr trfc collisionno inj,1
ryan doesnt release new music soon might explode,0
feel sorry piece meat nice guy people dont need rush scream face,1
wisenews china stock market crash gem rubble,1
summer heat drive bobcat calgary backyard,1
reason love woman military lulgzimbestpicts,0
mhtw fnet pakistan say army helicopter crashed country restive northwest fox news,1
finger crossed driver hendricks military hospitality,0
investigator shift focus cause fatal waimate fire,1
breaking obama declares disaster typhoondevastated saipan obama sign disaster declarat acenewsdesk,1
flash thunder wc quick amazon kindle soon print amazon book via create via,0
going starve death,0
emergency dispatcher boone county hot seat,0
watch dub also use one weapon today,0
caught landslide,1
even star moon collide oh oh never want back life take word,0
blonde teen courtney laudner tease panty view download video,0
pakistan disowned kasab disowns naved state denial naved terrorist captured alive,1
ignition knock detonation sensorsenso standard k,1
really shocking blizzard lured old fanbase back wod disappointed u hardcore everyones leaving,0
damn suh dont let ruin year bruh year better start carpooling like back day,0
one character final destination series ever survived,0
like never left sunk background,0
room look like tornado passed ocd,0
texas seek comment rule change windstorm insurer insurance,0
wreckage conclusively confirmed mh malaysia pm investigator family,1
truth news bbc cnn islam truth god isi terrorism quran lie,1
thats id traumatised ok car gone gbbo relax,0
get hazard pay,0
text use data inundated group text yesterday,0
texas seek comment rule change windstorm insurer,0
world news qld police wrap billy gordon investigation queensland police wrapped investigation,1
please check salt river horse help stop annihilation happen without signatureschange org thx,0
yearold boy charged manslaughter toddler report yearold boy charged manslaughter fatal sh,1
kelby tomlinson mildmannered nd baseman great metropolitan team fight neverending battle hit rbi sfgiants way,0
fatal crash reported john island,1
funniest part twitter feminist try attack head,0
working today sweated much like though gon na get electrocuted earbuds omg,0
china stock market crash summer sparked interest bargain hunt,1
news islamic state claim suicide bombing saudi arabian mosque,1
brian shaw jj hickson kenneth faried trying defend lamarcus aldridge blood volcano,0
reddit update content policy promise quarantine extremely offensive community,0
fedex longer ship potential bioterror pathogen via,0
suspected serial arsonist arrested calif,1
californian like living africa sahel desert finding water daily chore,1
breakingnews militant attack udhampur police post spos injured,1
im disaster,0
cramer igers word wrecked disney stock cnbc,0
sweater stretcher,0
landslide trip skardu,0
julie apocalypse version romeo juliet warmbodies,0
st wk rainier diet street seward park ave inundated bypass traffic whats plan,0
there literally video elephant tied metal cable electrocuted death,0
im traumatised,0
germany gigawatts installed solar capacity one gwatt equal capacity nuclear reactor,0
police arsonist deliberately set black church north carolina ablaze,1
pic yr old pkk suicide bomber detonated bomb turkey army trench released,1
california wildfire destroys home crew advance,1
kca votejkt id duckvillelol burning flip table say screw let hit building grab dr,0
new mad max screenshots show lovely dust storm combat magnum opus,0
mariah getting thick shoulder poor girl,1
civilian casualty rise afghan war intensifies,1
aint hoe blood,1
osage beach release name,0
worst person questioning julie attacked guy empathy,0
screaming mad scientist deceased tumbling heel falling sinkhole investigation,0
obama declares disaster typhoondevastated saipan worldnews,1
yumiko jumped surprise fire shot upwards air exploded caught guard woah,0
want see bad even funny probably cry drowned kiss,0
business deluged invoice make stand oup colour shame likely rise top pay pile,0
medieval airplane hijacker testa earnings distinction diver htarvrgly,1
imagine getting flattened kurt zouma,0
reddit quarantine onlinecommunities reddit amageddon freespeech business,1
twelve feared killed pakistani air ambulance helicopter crash,1
entertain thought moment diarrhea hurricane,0
shit hard get sometimes tragedy mean soulja,1
windstorm board ok rate hike change politics txlege twia,0
quarter whirlwind dont see coming,1
thanks sweat bullet every time get blazing sun beating,0
got video rapper got song,0
insurance texas seek comment rule change windstorm insurer texas department insurance,1
lava quit actin,0
fire meet gasoline always got ta get played twice lol,0
survival kit whistle fire starter wire saw cree torch emergency blanket knife full,1
ofcourse minute tragedy another train crossed place flash flood caued washing track,1
leader zionism stop burning baby,1
santa ana police union block video raid sky high holistic pot dispensary atlantic smartnews,1
neighbor kid stopped watch play disney lava song uke left got journey dont stop believing kidsthesedays,0
flood cause damage death across asia medium content,1
hot funtenna hijacking computer send data sound wave black hat prebreak best,1
clip topdown coercion structural weakness ensuring government failure,0
apparently face scream get emotionally attached cheat,0
southbound coal creek pkwy collision blocking center lane,1
looking nigga follow siren,0
fire pisgah national forest grows acre,1
reality training train fall elevated track windstorm,1
bluedio turbine hurricane bluetooth wireless stereo headphone headset blk full,0
dont modest certainly sniff sniiiiiiff er donny something burning,0
cant dl patch fix error symantec quarantined computer ergo stopped wireless exchange lol technology,0
shed innocent blood son daughter land polluted psalm help stop sin abortion,0
arson suspect linked fire caught northern california los angeles time,1
medieval airplane hijacker hard shell casting star deviating dyxtmrydu,1
like pasta,0
ashenforest floorburnt manzanita amp timber johnson fire along ridge forest road routecomplex,1
ali flew plane ran burning building making soup man child booradleyvancullen,0
well much outdoor postering mothernature hailstorm rain yycfringe killhard,1
feel like deathholy molys,0
tell adopt way maybe overlooked something fatal whyor,0
tornado flew around room came,0
thunder shook house woke sister made car alarm go,1
th anniversary hiroshima atomic bombing marked,1
world people arent dying natural supernatural disaster war likely,0
train derailment freakiest freak accident indian express,1
top link reddits new content policy go effect many horrible subreddits banned quarantined,0
like could danger something,1
usgs report earthquake km volcano hawaii utc quake,1
slamming door lesson learned let another lover crash burn,0
smoke blunt amp get ciggs,0
coastal german shepherd rescue oc shared link animalrescue,0
love drake flood instagram make feel real tune everything like sumn,0
watch super strong magnet destroy everyday object,1
wanted gritty real casualty photo pasta thursday amicos tag u amicospizzato seeyouatamicos,0
twelve feared killed pakistani air ambulance helicopter crash,1
top link reddits new content policy go effect many horrible subreddits banned quarantined,0
got extension cord extends bed bath tub let pray dont electrocute,0
group suicide bomber detonated explosivespacked vest mosque inside saudi special force headquarters killing people,1
loner diary pattern sand may blown away photo two choked flame,0
dont worry im sure climate nothing hail flood tornado alberta amp ontario im sure god mad,1
here story,0
crash queen die something explode know,1
coastal german shepherd rescue oc shared link animalrescue,0
haha love hurricane,0
men escape car engulfed flame parley canyon crew investigating cause,1
see guy reaching front foot loading shoulder spinning neither hitting loadampexplode,0
battle animation fucking much,0
blew snapchat reason,0
im afraid tornado coming area,1
freeing name new doc newidea get back writing wout derailed thinking title wtwitter,0
usgs eq km volcano hawaii time utc earthquake,1
two great dawgs dak jak hail state,0
nbanews soudelor typhoon soudelor taking dead aim taiwan expected make landfall friday according joint typhoon,1
traintragedy happened mp due collapse bridge afraid take long distance train,1
largest moblins hed leaving biggest one red fired one strike already threat reduced gt,0
waited hour get cab foot bleeding,1
human history becomes race education catastrophe,0
fine baby screaming tv,0
indeed fully aware battle support fight,1
horrible sinking feeling home phone realise whole time,1
top link reddits new content policy go effect many horrible subreddits banned quarantined,0
oh wow heart collapsed cool im cry cool cool,1
great michigan technique camp thanks goblue wrestleon,1
heat wave got ta today,1
cant ruin mood may lost direction,0
money grubbing kike need get cluei money still destroy telekinesis watch,1
death year foodborne illness dear,1
evacuation order lifted town roosevelt washington time,1
hello twitter need book blogger interview regarding book weapon formed ineedexposure,0
suicide bomber kill saudi mosque,1
stupid woman nearly collided today came junction looking still kept coming towards till beep horn,1
breaking police officer arrested abusing child policerun boot camp san luis obispo calif,1
im screaming omg idol day wdym,0
newswatch vehicle collided lock lansdowne sts ptbo emerg crew way,1
video fire burn two apartment building blow car manchester,1
emergency drinking water plan download guide english spanish french arabic vietnamese,0
moment get scary roller coaster guy behind screaming bloody murder silverwood aftershock,0
family sue legionnaire family affected fatal outbreak legionnaire disea,1
sooo police dispatch said person threatening shoot walmart rutherford amp evacuate,1
one careless match start forest fire take whole box start campfire,0
cooool,0
navy charge officer weapon violation chattanooga attack,1
niagara fall package deal deluge tour yyeso,0
drive ilford closed way emergency service deal call bus stuck,1
evildead annihilation civilization,0
laughing talking junk everyone panic mode,0
jam riser dierks bentley iheartradio nowplaying,0
rioting began prior decision indictment youre really making sense point,1
nike golf storm fit golf jacket black medium sportinggoods,0
caused metro train derail downtown dc,1
im huge football fan know ive never done fantasy league patience newbie,0
everyone hail pumpkin king,0
blood memory intragenerational trauma death sandra bland,1
err,0
sent email trinna hold hostage rapping,0
never thought could much fun saving shooting teddy bear hostage lol,0
madhya pradesh train derailment village youth saved many life,1
reddit quarantine offensive content,0
apollo brown detonate ft mop,0
christian attacked muslim temple mount waving israeli flag via pamela geller,1
status last seen buying body bag,0
postal service agrees sell demolish downtown building,0
urgent save salt river wildhorses mass murder ppl supposed protect gt,1
crackdown destruction restricted multiplayer crackdown impressed earlier week demonstratio,0
indian govt amp medium take serious concern safety danger,1
cramer igers word wrecked disney stock,0
aunt marge youre blown eheks,0
lindenow pm emergency crew chemical spill main street near church street,1
truth news bbc cnn islam truth god isi terrorism quran lie,0
mine came day data renewed month traumatised,0
metepec mexico night disastereoficial nitclub sica sica,1
disaster group stunned flood,1
hello yeah someone drowning send medic,1
kill got court day earl,0
got engulfed carinduced tidal wave run thought happened movie,0
peel police say male cyclist struck near southdown road royal windsor drive mississauga serious non lifethreatening injury,1
ben afflecki know there wifekids girl cant help ive loved since armageddon eonlinechat,0
reading work collided reading pleasure huzzah dont miss vermilion,0
he trying electrocute ya as lol hell aint fucking emilio,0
near sand half sunk shattered visage lie,1
option move desolate island nothing stack dvd watch,0
famine coming end bluebell,1
forgive bit testy deluged hatred amp lost patience,0
blew mention,0
city calgary activates municipal emergency plan news,1
la vega top city redlight running fatality news lv,0
wasnt big stab deep stab there like blood everwhe,1
pizza drought couldnt anymore,0
robert gagnon review catastrophe imposing samesex marriage christian respond,1
trauma center shine response multicasualty crash,1
kelly osbourne attacked racist donald trump remark latino view,1
im top hill see fire wood,1
people died human experiment unit japanese military,1
naaa bee dead like legit zombie feel every sore part body,0
kurd trampling turkmen flag later set ablaze others vandalized office turkmen front diyala,1
obama declares disaster typhoondevastated saipan obama sign disaster declaration northern marians,1
hmmthis could problem researcher fedex longer transport select agent via,1
family sue legionnaire family affected fatal outbreak legionnaire disea,1
great pair like couple graywardens fighting blight,0
fall leaf poplar fully ordained tumbling avalanche spurgeon,0
screamed hitting tweet,0
new explosionproof tempered glass screen protector film blackberry full read,0
seclusion class evacuated child left alone class force compliance morevoices,1
blew oomf instagrams cause shes cute shes active follower,0
shooting event theater giving free coffee first responder police amp firefighter antiochhickoryhollowtn,1
twister bill paxton helen hunt,0
ancient mayan tablet hieroglyphic honor lowly king,0
emini sp earnings letdown equal market meltdown amazon,0
trafficalert eastbound freeway citrus ave azusa two motorcycle involved accident one fully engulfed flame lane,1
kosciusko police investigating pedestrian fatality hit train thursday,0
like music video want real action shit like burning building police chase weak ben winston shit,1
coming catastrophe destruction puppet republic half naemolgo continue firmly support yiraneuni,0
men escape car engulfed flame parley canyon crew investigating cause,1
trapped cat room going insane leaving pretty,0
maybe plan dilute safely say start charging longs would come flooding,0
im sad kid company closed talk thousand traumatised young people suffer,0
im gon na beat armageddon hsu hao got flawless first try,0
life wild youre caught whirlwind,1
help love suffer selfesteem wound today,0
update nopassenger metro train derails causing terrible delay morning derailed train causing hell,1
smoke good fuck eat drink drive nice car wear green mink,0
learning destructive volcanic event u history thirtyfive year later,1
scene derailment cta green line rdprairie,1
photo lastma official challenge police driving traffic lagos,1
new technology designed help prevent dangerous police chase effort reduce injury milwaukee police,0
sismo detectado jap miyagi estimated seismic intensity jst,1
cyclone komen devastates family myanmar week need help today,1
brain particularly vulnerable trauma two distinct age,0
stony jackson america last hope lead army felon thus army reject army satan,0
reddits new content policy go effect many horrible subreddits banned quarantined,0
liked video thorins thought riot sandbox mode lol,0
smelling bon fire driving make wan na sitting near one making smores,1
mile backup southaccident blocking right lane exit langtree rdconsider nc nc nc alternate,1
friendly reminder country ever use nuclear weapon u civilian,1
inundated employee holiday request paperwork cloud based hr software help simplify staffing logistics,0
world collide american family take britain isle man new tlc show suddenly royal via,0
ignition knock detonation sensorsenso standard k,0
updated rockyfire map mandatory evacuation area red advisory evacuation yellow evac center green,1
set new record state day dont even know wake anymore whirlwind loving every minute though,0
stay cautious,0
fb page bushman safari zimbabwe company palmer used kill cecil inundated negative commentes,0
im obliterated,0
hollywood movie trapped miner released chile,0
back another jitsu making hexagon ground laid palm whirlwind yelled air began,0
shes suicide bomb,0
business deluged invzices make stand colour shape itsllikely rise top pay pile,0
reddits new content policy go effect many horrible subreddits banned quarantined,0
wish good enough add flame nail im fire,1
josephus get wrong antiochus epiphanes abomination desolation read,0
invited expo explosion summer event august th friday ben keith,1
want hear displaced parent died diaspora,0
great british ltbgtbakeltbgt offs back dorrets ltbgtchocolateltbgt gateau collapsed jan,0
rate hazard highly fanboys among worst account twitter,0
udest thunder ive ever heard,0
fire safety plan rt mock wildfire near vail agency prepare worst,0
body heal bag eye go away happy smile really,0
cruise industry support mass murder whale faroe island everything cont,1
new evacuation ordered home danger hwy fire near roosevelt wash koin news,1
volcano,0
devastated isnt word ross people emmerdale summerfate,0
migrating iphoto photo catastrophe wasted day trying get work hrsto get complete,0
squeezed tear famine plague tsunami chance lego blubber,0
california bush fire please evacuate affected area asap california govts advised,1
added fire flame saturday rick wonder spinning guest set along chachi,0
swea feel like im explode,0
curfew start right private class end tutor must woman preferably someone,0
feel trapped innit,0
christian detained zhejiang amid widespread anger cross removal cross removed since last yr,0
party body bag go together like drinking driving,0
toronto going crazy blue jay imagine leaf get good city might literally explode,0
would become mirror reflected others private wound desire,0
nowplaying porcupine tree drown live listen live,0
begin day one snow apocalypse,1
dont drown,0
bbsnews latest palestine amp israel six palestinian kidnapped west bank hebron home demolished,1
free hailstorm maxi,1
rizzo ball obliterated,0
pm progress made boise forest fire,1
japan aogashima volcano unknown check aogashima japan photography volcano,1
dead due flood myanmar naypyidaw aug prensa latina death toll rose today myanmar,1
guess say shit thinking,0
love love love remember first crush,0
suspect latest theater attack psychological issue,1
work purpose large cyclone would better dont,0
nw say thunderstorm deadly lightning move across black hill evening assumes there safe type hmm,1
traffic collision ambulance enroute elkhorn blvd walerga rd sacramento,1
oh god ryans trouble,1
auspol see resemblance abbott amp campbell loud came big bang way let see,0
gpm satellite bullseye typhoon soudelor,1
around injured explosion chemical park western germany,1
storm headed towards idaho fall blowing dust amp wind mph u hwy amp look idwx,1
still plan dont worry got covered plenty seismic ipa seismic squeeze radler help,0
rt rabidmonkeys ah unique mudslide cake gbbo,0
date release ep desolation set stay tuned info finalise schedule alt electro rock comingsoon,1
eden hazard harden spot flopping identical,0
medium pakistan covered capture terrorist mohammed naved,0
hollywood movie trapped miner released chile,0
sinjar massacre yazidis blast lack action hostage,1
never fear quarrel seek hazardous adventure,0
storm ri worse last hurricane cityamp others hardest hit yard look like bombed around still without power,1
yo forreal need like emergency action plan incase donald trump becomes president whipe lil baby,1
news hostage libya india terrorism africa ap t nri news trs tdp bjp,1
organic natural horn stretcher expander earring body jewelry painting tribal,0
wow fatality big rig hit motorcyclist blood everywhere wow im sick,1
check item got phantasmal cummerbund warcraft,0
japan fukushima serious man made disaster human history marker radiation brain damage,1
australia news japan mark th anniversary hiroshima atomic bombing read,1
set become huge one month wonder pornhub inundated,1
u national park service tonto national forest stop annihilation salt river wild horse via,0
hiphop news indie apollo brown detonate ft mop lta href,1
know latest research kiddos gi specialist sang volcano number inside whole person care,1
police man killed ex grandmother son wasnamp named omg absolutely crazy,1
avalanche one world away make believing im wide awake,0
bet mother nature might plan send deluge way,0
fight bioterrorism sir,0
team ready natural disaster violent client power outage contact ready vet design,0
dude smoking fucking thing went flame though bomb went omg scared,1
im trapped damn gas pump two suv either side fuck dickhead,0
uk scandal caused major upheaval parliamentary expense subsequent sacking prison waiting,0
fuck sleeping siren,0
video capture man removing american flag long beach ca home burning arsonist sought,0
beyonce pick fan army beyhive,0
year atomic bomb japan still struggle wartime past anniversary devastation wroug,1
look outside windstorm niiiice,1
rip blood,0
seeing person mass murderer like fbi cia grade equipment evil shit,0
bolshevik government monopolized food supply seize power hunhry population artificial famine result,1
climate change cnn weather specialist warningwild fire rain flooding noting sun,1
might buy esoteric weapon astrologian,0
read eyewitness account hiroshima day life,1
civilian casualty afghanistan reach record high,1
cant believe people mid dont high blood pressure life stressful decisionsondecisions,1
colorado news motorcyclist bicyclist injured denver collision broadway least two people tak,1
patience jonathan move hijack apc bayelsa state,0
got electrocuted morning day going,0
trouble getting motivated remember time going pas regret going make way around matthew donnelly,0
massacre sinjar world forgotten yazidi yazidishingalgenocide ezidigenocide,1
there emergency evacuation happening building across street,1
want work swedish health service hiring seattle wa click detail nursing job job,0
adult dy plague colorado,1
confirmed twitter saying goodbye ross bloody gobsmackeddevastated emmerdale,0
news hostage libya india terrorism africa ap t nri news trs tdp bjp,1
mcfadden reportedly test hamstring thursday via,0
seed vegetable fruit variety garden kit emergency survival gear mre full rea,0
wish going custom rom werent catastrophic,0
food crematorium provoke outrage amid crisis famine memory,1
arrestpastornganga worrying see police officer kenya sunk low point collaborating pick pocket,0
talk goz fantastic interesting fact far manually bought ru domain sinkhole rather seek coop,0
fedex longer transport bioterror germ wake anthrax lab mishap news phone apple mobile,1
cree led work light bar alloy spot flood combo diving offroad wd boat full read,0
hello im looking mod cold ice saw site link download dead maybe share thanks,0
danger skyler danger,0
body bag,0
beautiful lightning seen plane window,0
hope tsunami clear walk outside car,1
image famine hope christ blog happens forget god hopeinchrist,1
something catastrophic coming tune,1
slow report sinking boat mediterranean sea shame,1
came land engulfed tribal war turned land peace ie madinah prophetmuhammad islam,0
reported case people drowning sweatfyi,1
askcharley emmerdale emotional ross dead,0
war doomed destruction loss money must invest iran inside go outside,1
drown cant swim,0
there people like whole people named desolation,0
thx emergency dec day plan get transport deploy troop,1
economy continues collapse,1
fedex longer transport bioterror germ wake anthrax lab mishap via,1
kid got haircut minimal trauma clearly call wine,0
added video playlist siren gameplaywalkthrough part,0
trafford centre film fan angry odeon cinema evacuated following false fire alarm twi manchesterlite,1
saving sewing guatemala saving sewing guatemala natural disaster hit seamstress elvia,1
said month get curfew time smfh,0
dont let wmata metro derail day get text every morn wake best route work sm,0
beyonce pick fan army beyhive,0
hate im awkward ruin thing,0
fire pisgah national forest grows acre wsoc charlotte,1
kamindoz reuters debris confirmed mh relative hope discovery crash,1
rioting happy valley penn state loses,0
witness video show car explode behind burning building nd st afternoon manchester via,1
childhood trauma resolved actual trauma fricken baby,0
protest riot burning building come dont see crap happening,1
given u coalition fondness backing style totalitarianism surprise havent copied,0
sixth year row premium cost windstorm insurance climb time percent galvnews,0
investigator rule catastrophic structural failure resulted,1
soloquiero maryland mansion fire killed caused damaged plug christmas tree report say flame firefighte,1
expert leave lab malaysia confirms debris mh,1
life matter fan burning building stealing neighbor protest,1
exactly thats lesnarcena match summerslam last year great brock annihilated guy who,0
investigator shift focus cause fatal waimate fire,1
reason love woman military lulgzimbestpicts,0
demco hijacker th wheel hitch ultra series double pivot,0
could would work got injured security concern must settle torture,0
wrecked emotion,0
lmao fuckboy changed damage control,0
californian bush fire,1
flood two people dead house destroyed kaduna two people reportedly killed house ut,1
japan thursday mark th anniversary atomic bombing hiroshima senior official washington ever schedule,1
said yosemite sam drumpf nobody ill vote flattened rabbit skin ahuh huh always say,0
look like perfect stormfree evening coming check outdoor happening featured eventspalmbeach,1
ccot tcot radiation nuclear emergency tracking center,0
drake body bagging meek must hit sensitive spot talking ghostwriter trying end career,0
annihilated status education mba behalf easy street careen eovm,0
business aredeluged invoice make ur stand colour shape likely rise top pay pile,0
finally storm,0
uk police link tunisian beach massacre bardo museum attack,1
there person amp reckon youre dying brain flood dmt causing relive life real time simulation,0
property loss california wildfire nearly double weekold blaze rage,1
saddle accountable information explosion tip pro preferable financial top brass tawfmcaw,0
idea mean look violent crime rate without weapon ban gun become like mexico australia,0
fedex longer transport bioterror germ wake anthrax lab mishap,1
child need emergency care seen emergency department specialist,0
insurance texas seek comment rule change windstorm insurer,0
watch sarah palin obliterate planned parenthood targeting minority woman bb sp,1
dead as screamed signed couldnt fucking believe,0
megadethsymphony destruction,0
movie titanic jack rose could stayed wooden beam without sinking,0
beach damage shit,1
time reduce gun death,1
wisenews china stock market crash gem rubble,0
u also flew bomb site world war ii warning letter telling people evacuate,1
rt jupiter red spot violent storm larger entire earth,0
mt treatment tiger china appalling electrocuted front businessmen amp eaten saveti,1
six people killed thursday taliban suicide bomber detonated explosivesrigged truck outside police compound eastern,1
new warning central hill hail mph wind affecting sturgis could later tonight kotaweather,1
hellfire even want think mention let anything lead islam,1
rescued med migrant arrive sicily,1
watch airport get swallowed sandstorm minute,1
spent minute walking runkeeper calorie burned loseit,0
answer friend yelling windmy latest article read share thanks,0
aftershock protect profit next global financial meltdown david wiedemer http,0
another movie theater attackclose home time thankful casualty life go allow evil win,1
biggest regret hearthstone,0
soultech collide club mix,0
malaysia confirms reunion island debris mh,1
three home demolished unrecognized arab village international middle east medium center,1
season new girl emotional train wreck wanted cry laugh eat lot ice cream,0
u national park service tonto national forest stop annihilation salt river wild horse via,0
black eye space battle occurred star involving fleet totaling ship destroyed,0
rt ancient mayan tablet hieroglyphic honor lowly king,0
maailiss diaporama sixpenceee karymsky lake crater lake located karymsky volcano russia,0
fedex stop transporting bioterror germ lab mishap fedex stopped transporting certain research,1
going make internet explode dr simon oo alone redhead nearby lol,0
crash helmet silvery floor karnal fat shoot sampling pbcanpcx,0
watch airport get swallowed sandstorm minute,1
trapped disappearance,0
fatal attraction common common pain,0
im really sad red closing yuppie tourist ruin everything,0
chelsea need hijack man utd deal pedro mill bargain adam driving home oregon usa cmon blue,0
pbban temporary hyiderghost armageddon kill flag fast xp reason,1
estimated damage fatality hiroshimasized atomic bomb dropped hometown hiroshima,1
musician kalle mattson recreates classic album cover clever music video avalanche,0
ehutch da bomb,0
hiroshima year since worst mass murder human history never forget,1
great footage strong work san bernardino county fire also working wild fire right,1
bombed try get home curfew,0
west nyack pineview road railroad crossing western highway unit scene csx train v truck injury,1
experienced urogyn trying help mesh injured woman talk worst offender,1
family sue legionnaire family affected fatal outbreak legionnaire disea,1
eh hello cover bloody thigh bloody cleav eh hello since expose cleavage,0
science piece wreckage flight mh confirmed union island possible,1
fucking yes rantipozi quarantined triggered cucks,0
wrapped coat around practically engulfed,1
yeah survived season movie let hope good there hope,0
israel continues demolition palestinian home gop potus irandeal isi,1
refugio oil spill may costlier bigger projected,1
tropical storm guillermo hawaiianpaddlesports,1
newberg upheaval jacque betz responds looking forward day answer question orcot orpol,0
tomorrow kick weekend drink amp entertainment,0
investigator said virgin galactic spaceship crash caused structural failure copilot,1
girl still lickin public donut health hazardu jail,0
deputy dog dispute lead fatal shooting person county gunfail nra,1
new post blog thesensualeye model cam damage toronto apr nsfw pussy as boob asian nude,0
otherwise stay trapped worst lilourry stan ever without zarry left narry thanks,0
blaze bro,0
dust wind paratrooper move loading zone dust storm support operation fury,1
wan na smoke cigs thats problem breath smell like old ash tray thats fucking disgusting,0
watched trailed dust storm think part died colin perfect goodness,0
person blow kill others life heaven ethereal body get destroyed,0
thanks benson amp clegg follow check map,0
fear mind killer fear littledeath brings total obliteration bene gesserit litany fear dune,0
could slit throat id apologize bleeding,0
evacuation order lifted roosevelt wildfire miss town komo news,1
like survive atomic bombing hiroshima,1
mafireems rt wmur two building involved fire nd street manchester wmur via kcarosawmur,1
monty python date bloody far want go,0
collision hwy eb east hwy cambridge single vehicle blocking left lane opp enroute ag,1
patriot survival guide know survive government collapse natural disaster happens,1
liked video sn vabengal zss v sw fatality captain falcon,0
news briton rescued amid himalaya flood,1
country chim survive,1
fallacy steam roller object whether flattened robertcalifornia thereisonlysex,0
right im reopening xfiles thats fear thexfiles day,0
friday palm beach county grindhouse series one night screening texaschainsawmassacre,0
video slain mexican journalist unknowingly predicted death via,0
people receive wildfire evacuation order california,1
billionaire plan free half billion dollar trapped venezuela two year report,0
hiroshima nagasaki remember killed alleged u war crime using nuclear weapon uswarcrimes,1
like watching hostage video sometimes always least yet,0
need helphorses die please rt amp sign petition take stand amp voice gilbert,0
stop fucking saying whole nother sound fucking stupid fucking mean whole fucking tonguetwister,0
info baekhyun suho attending idol sport championship august th cr syjexo,0
yes love,0
like music video want real action shit like burning building police chase weak ben winston shit,0
star burning voice mind,0
junko year old atomic bomb exploded hiroshima august,1
modiministry railway minister prabhu call mp derailment natural calamity,1
watch airport get swallowed sandstorm minute,1
amsterdam pov video capture violent landing amsterdam airport schiphol st,1
striker phalaborwa striking chinese taking job striker burning building attacking car,1
mmmmmm im burning im burning building im building oooooohhhh oooh ooh,1
ij texas seek comment rule change windstorm insurer,1
lolim nervous wreck,0
strange loud impact bang noise train epsom arrive wimbledon,0
rt desolation run free till military thriller suspense kindle amreading,0
coleslaw wrecked,0
severe thunderstorm warning including russellville ar clarksville ar dardanelle ar pm cdt,1
hot funtenna hijacking computer send data sound wave black hat prebreak best,0
well guess young girl arent damsel distress arent hostage word peer,0
literally look yeah derailed smithsonian everythign shut federal center sw mcpherson,1
dtn india rly tragedy mp live recount horror saw coach train plunging water,1
u drone attack kill suspected militant north waziristan,1
weapon stolen national guard armory new albany still missing gunsense,0
read already remains one favorite article ever let like demolish laundry,0
twelve feared killed pakistani air ambulance helicopter crash,1
ive posted blog criminal hijack lorry bus arrested enugu photo,1
last chance animal rescue new post animalrescue,0
feel like mkayla cee ever got room everyone evacuate would petty childish couldnt deal,1
reddit quarantine offensive content,1
abortion murder blowjob cannibalism masturbation mass genocide,1
rd goode water ski national championship go planned next week event damage tornado mon,1
cancel fucking show evacuate metlife,0
kai forbath demolished weather station set drill field missed field goal thing exploded metal bit,1
hollywood movie trapped miner released chile,0
damn bloody hot,0
prince phillip said number murdered british amritsar bit exaggerated must include wounded,1
montgomery come blazing hot weatherstay std yet another rejected city slogan,1
turkish troop killed kurdish militant suicide attack,1
bay district coach learn cpr medical course panama city athlete collapsed field coach,1
illinois emergency unit simulate chemical explosion nu via hazmat,1
cant believeis stuart broad destroyed yuvi,0
look sound like war zone,1
sale demolition trend near metrotown sure resulting poorly maintained apartment burnaby changefortheworse,0
teamfollowback madhya pradesh train derailment village youth saved many life followback,1
dont know bout pandemonium album shestooyoung,0
commenting ian taylor dealing mass murderer arkan,1
yes feel root shame found rubble trauma ptsdchat,1
advantage apropos flame favorable regard mississauga ontario pwhvgwax,0
month mark total fatality first half last year,1
annihilated legion survivor imperfect hybrid project quickly formed new secret cell,0
impulse doesnt end mass murder correlation imply causation,1
floodzone general raheel sharif visit chitral also lauded effort fwo army troop army aviation rescue opera,1
attention rchs football player coffin body bag locker room grab one tommorow gon na die,0
joel book act,0
japan mark th anniversary hiroshima atomic bombing,1
heard steven universe theme song upstairs screamed name part song scared cousin,0
latest wildfire destroys home crew advance wqow tv news,1
good info help first responder cope individual resilience factsheet responder,0
live update boyd get trouble th via,0
ever remembered old song something havent heared year word carry flood memory along priceless,0
think lot celebrity treat ppl could harm,0
omg remember meltdown day hair like elsa anna ohhhh horror lol tangletalk,0
hmm nigerian refugee repatriated cameroon,1
activates emergency plan amid severe thunderstorm warning yyc abstorm,1
teen disaster preparedness event van nuys august pm via,0
totally unprepared emp attack china russia probably isi possess fatality pushing,1
day bug fully patched o come active exploit bypass password ar technica,0
rt south sudan war woman survivor say rape become normal thing,1
hurricane stm quem lembra,1
year ago hour usa abombed hiroshima therein killing civilian never forget crime never repeat peace,1
arson suspect linked fire caught northern california,1
mass murderer movie theatre nigga dropped bread see movie cmon man,0
new mad max screenshots show lovely dust storm combat magnum opus,0
hail lady cheryl reason obsessed cheryl cole,0
bestnaijamade yr old pkk suicide bomber detonated bomb bestnaijamade bestnaijamade bestnaijamade,1
pft barkevious mingo missed brown practice mystery injury,0
amazon deal wait buy,0
wow bet got blamed huh,0
yay siren,0
greg garza atlas tonight v leone negro copa mx play left previous game injury usmnt,0
rejected mortal kombat fatality mortal kombat stretched boundary,0
who shadow holdin hostage ive day,0
know saying final goodbye grandpa seen news rip always open idea may curfew,0
parental experience may help coral offspring survive climate change preconditioning adult coral increased,0
electrocuted way round map sure look like,0
official say quarantine place alabama home possible ebola case developing symptom,1
yo dm,1
majority killed civilian ground jet first bombed city main street dramatically plummeted,1
brother dont want friendshipyou want add commercial post frankly im inundated crap daily,0
wwii memory plus lesson hiroshima still need nuclear weapon denver billing rapidcity seattle cheyenne,1
rt deluge resource flood medical provider cleanup worker amp,1
know meansit mean ill go twitter obliterate chance ever winning another election presbad math,0
drake kept hip hop beef fucking body bagging meek back back,0
scared living seattle predicted earthquake going destroy,1
windstorm wsvr cover vhull runabout boat including eurostyle wi,0
ugh blaze put calorie pizza ok cool thisispublichealth,0
glononium also help blown bashing bottle nitroglycerin book,0
ttw today news bin laden family plane crashed avoiding microlight landing far runway,1
yo sexy,0
fotoset elanorofrohan th december green carpet zurich swiss premiere desolation,1
detonate feat mop grandeur apollo brown,0
lol real issue way nfl trying ruin guy legacy,0
hiroshima beautiful ash old could terrorist pakistan,1
train isnt made withstand collision immediate derailment totally fucked,1
locksmithingart respecting elaboration blight lock lpdkl,0
act age mess everyone wild fun video wreck,0
hate damn milwaukee indyfest car sound like really long tornado siren going woke nap,0
angry woman openly accuses nema stealing relief material meant idp angry internally displaced wom,0
gon na drown mustard lemon pepper,0
cat fatality utica ny pleasant amp holland aveblack cat white paw average size grass next north side road,0
four thing may ruin personal injury accident claim,1
fragile global economy considering devastation alternative would cause best reason,1
lean thinking quicker police emergency response time,0
aircraft debris confirmed mh nation star online,1
house saved demolition moved orca island washington,0
wan na tweet niall thx making electrocute tweet im scared ill jinx,0
pandemonium aba woman delivers baby without face photo,0
saw man whose mind exploded drako zarharzar day,0
ig hailing abstorm yyc hail hailstorm haildamage yycweather calgary captureyyc alberta sto,1
perspective grateful dead critical writing contribution study,1
sitting around fire sound great right,0
reddit update content policy promise quarantine extremely offensive community,0
peacetime time national emergency,1
joboozoso usat usatodaynfl michael floyds hand injury shouldnt devalue fantasy stock,0
bitch walking around like yall hot shit amp got bed bug amp burning,0
marijuana critical research treating ptsd hempoil cannabis marijuana,0
legionnaire disease whats done stop deadly outbreak worstever outbreak legio losangeles,1
truth news bbc cnn islam truth god isi terrorism quran lie,1
roddypiperautos fear missing migrant med rescuer search survivor boat carrying,1
sometimes logic get drowned emotion got ta surface point,0
day disaster emotion,0
black eye space battle occurred star involving fleet totaling ship destroyed,0
barbaric saudies said relive austrian economy stop coming many project collapse,0
watch bad fool get burned coverage year dat dude allpro practice squad material,1
yeah man movie bombed hard,0
apd investigating fatal shooting year old child southeast anchorage,1
really awful cant even work make artist ruin thing,0
related news plane wreckage found part missing mh malaysia prime ministersays world buzzfeed,1
sinking ship scarlet lane lenore replacing stone saison,0
let another love crash burn,0
fedex longer transport bioterror germ wake anthrax lab mishap via,1
two crane restoring bridge central dutch town alphen aan den rijn collapse building rescuer searching,1
latest post bayelsa poll tension bayelsa patience jonathan plan hijack apc pdp,0
godslove amp thanku sister rt new video coming apocalyptic u earthquake amp tsunami,0
moth held hostage yesterday chilling bathroom windowsill day im okay,0
general news demolition house waterway begin achimota mile via full story,0
drafted rd overall played last season,0
dropping nosports show dont think si top would derailed,0
cuban leader extends sympathy vietnam flooding,1
hot reddits new content policy go effect many horrible subreddits banned quarantined prebreak best,0
minor train leaf rail major smithsonian interlocking derails amp crash barrier wall fatality,1
black eye space battle occurred star involving fleet totaling ship destroyed,0
youre reading go accidentally fall cliff mate,0
put right person block shelli sense entitlement ridiculous bb,0
burned popcorn,0
wreckage conclusively confirmed mh malaysia pm investigator family,1
refugee connection indiegogo campaign going live tomorrow support u help launch online community refugee,1
neither even smoke dk going lol,0
find cougar look like even better theyre military uniform,0
thunder lightning possible pinpoint foothill forecast,1
cindy noonan heartbreak baltimore rioting yahistorical undergroundrailraod,0
timestack photo collapse entire sunset single mesmerizing image,0
hey guy stopped massacre send cop house make town permanently hate wtf,0
plane debris discovered reunion island belongs flight mh malaysian pm,1
enugu government demolish illegal structure international conference centre,0
lava blast dan power red pantherattack,1
way seemeth right unto man end thereof way death,1
landslide live fleetwood mac nowplaying,0
murderous story america first hijacking earnest pletch coldblooded killing,1
idea food flattened,0
slightly doesnt help suh wake practice think get lot weapon finsup,0
family sue legionnaire family affected fatal outbreak legionnaire disea,1
los angeles time arson suspect linked fire caught northern newsintweets,1
need stop bottling thing everything eventually explodes casualty keep getting higher higher,1
photo typhoon soudelor aim set taiwan china,1
arsonist arrested setting many fire watch tonight headline nightbeat minutemix,1
see flooding mad decent,0
awesome thanks,0
whirlwind scourge europe rt could watch fanged four,0
historic flooding across asia leaf hundred dead million displaced,1
already know shit go world series armageddon,0
option fix facebook cover violation keep facebook police away socialmedia strategy,0
mean im fan dont need girl sounding like damn siren,1
bovine rescued smuggler nabbed,1
suicide bomber kill saudi mosque saudi tripoli libya,1
latest home razed northern california wildfire abc news,1
wreckage conclusively confirmed mh malaysia pm investigator family,1
saudiarabia confirmed dead suicide bomber attack saudi arabian mosque,1
jun yemeni search survivor rubble house old city san following,1
hate im trying straighten hair brother come swooping behind scare burned finger,0
finnish minister fennovoima nuclear reactor go ahead via rworldnews,0
global economic meltdown story via,1
nominates self win landslide,0
came across fire video mineenjoyfire fireman firetruck emergency rescue summertime siren,1
detonate feat mop apollo brown,1
solitude fire update august solitude wildfire summary lightningcaused fire utfire,1
killed injured madhya pradesh twin train derailment,1
sandiego news sinkhole disrupts downtown trolley service incident happened wed algeria,1
dk eyewitness travel guide denmark travel guide ebay auction keep eye,0
cake engulfed flame literarycakes,0
spent minute lifting weight calorie burned loseit,0
another day another excellent porridge seriously people blood orange porridge phenomenal,0
pakistan supreme court rule allow military trial suspect terrorism case,1
people say done interrupt george bernard shaw,0
look state action year fergusons upheaval,1
ton smoke coming one new apartment building ross auburn several fire truck scene,1
former executive prosecuted fukushima nuclear disaster story via,1
refugio oil spill may costlier bigger projected losangelestimes latimes news,1
know hate body buy bag chip variety pack fruit snack redbull snack,0
guaranteed bitten mutant mosquito ankle blown little cunt,0
may ask cyclonesama read jailed fate rindou,0
warne ponting shocked australian collapse yahoo cricket india,0
memory victim hiroshima nagasaki never ban nuclear weapon,1
kyle one last people would expect like sleeping siren,0
please keep josh salyersblairhall family amp jennas friend prayer taken far soon rip,0
im gon na fight taylor soon get,0
people really natural disaster,1
pull holmes,0
wwe universe mode part obliterate via,0
glimpse hyderabad deluged heavy rainfall,1
restore vinyl siding make look new,0
efs star war star trek collide pluto moon charon pluto,0
made anthony bed considering destroy everytime fall asleep smh,1
still mortified went rose collapsed heel face planted front everyone broke fav shoe,0
baby actually get electrocuted wall socket im wondering survived childhood,1
check deal sivan health fitness basalt lava hot stone massage kit piece,0
three israeli soldier wounded west bank terrorist attack via rworldnews,1
nah philly pundit half cause set building fire report building fire,1
wounded carried back brother sister entered air ship go back academia,0
hope fall cliff,0
engulfed low selfimage take quiz,0
accident changed life help determine option financially support life care plan ongoing treatment,0
finna storm fuck back boutta start hurting like mf,0
need stop,0
kick hendrixonfire blackcats big noob conquest mixed map weapon violated kdr limit server max,0
crush content marketing mediocrity,0
eau claire man police said drunk suv collided train sentenced chippewa county,1
getting colder colder faster faster first realized like natural disaster,1
remembering going die best way know avoid trap thinking something lose steve job,0
large rain drop falling rock hill anderson road rain scwx drought,0
one direction pick fan army directioners,0
four hundred wrecked car costing apiece purchased making film,0
breaking isi claim responsibility mosque attack saudi arabia killed,1
alabama firefighter quarantined possible ebola exposure report,1
mh aircraft debris found la reunion missing malaysia airline,1
reported hit amp runin roadwayproperty damage statesville rd,1
last second outbid rt catlow twister swivel dc fuel line made usa please favorite amp shar,0
dont class together im sure ill able survive,0
great condition easton cyclone softball bat fastpitch sk,1
motorcyclist bicyclist injured denver collision broadway,1
beyond bound till inundation rise,0
men escape car engulfed flame parley canyon crew investigating cause,1
put taint magisters open gate let blight get away,0
man save drowning squirrel absolutely incredible,0
better learn derivative formula seismic rather thinking thing like thing like haha,0
ignition knock detonation sensorsenso standard k,1
dont let phil help hell probably electrocute,0
there chance get gander sinking ship tna cant help appease morbid curiosity destinationimpact,0
violent force radio playing agony storm apocalypse tunein player,0
also pls help u campaign warn public hazardous keratin treatment brazilian blowout copycat,0
petition heartless owner whipped horse collapsed told keep animal act,0
diageos ceo stress board revolt united spirit impacted indian operation,0
displaced person gn image st nm,0
nothing like good fire,1
please sign share petition save wild horse arizona,0
latest home razed northern california wildfire lynchburg news advance,1
socialwots globiinclusion rt nrcmiddleeast sandstorm engulfs caravan tent zaatari refugee camp,1
max blew tf shot fired catfishmtv,0
bloody sexy drool,0
detonate feat mop apollo brown,0
burned crap grilled cheese sandwich sure wish life skill figured,0
invading iraq catastrophic mistake diplomacy need replace constant threat war u israel,1
worldnews fallen powerlines glink tram update fire crew evacuated passenger tr,1
feat watch bts incredible music video avalanche,0
wan na smoke weed get comma,0
criminal hijack lorry bus arrested enugu photo humanrights,1
girl smoke notice started lose alot weight hmmm dont know body want thin girl tf,0
savage leaked thomas brady gangstermail account wonder quick fatality samsung mobile real son,0
hate white people mo,1
feel like tornado,1
pop quiz prefer feminist revolution fried ravioli porcini ricotta,0
photo rocky fire grown california destructive wildfire year,1
okay thank yes kindness fatal though like patrick stump level kindness,0
follownflnews michael floyds hand injury shouldnt devalue fantasy stock nfl news playoff,0
central mass fruit tree escape heavy damage wind hail,1
emergency situation late year plan camp,1
nside dragon belly ice cave volcano kamchatka photography daniel korzhonov,1
ok need ambulance hahahah good,0
pm hazardous weather outlook hazardous weather expected time,0
reddit quarantine offensive content reddit cofounder ceo steve huffman unveiled specif,0
barak tell american people life hostage iran depends congress voting give terrorist nuke hostage,1
evacuated mall,1
jeff locke train wreck fin disaster fortunately pirate acquired top quality starter ja oh wait blowltan,1
news fedex longer transport bioterror germ wake anthrax lab mishap,1
zodiac girl feat trey dupree produced sparkz beatz chuck da arsonist,0
retweet follow rt followback gain follow rt amention ty,0
er indoors devastated rip arfur georgecole,1
ash australia collapse trent bridge among worst history england bundled australia,0
lt thing get attacked,0
fwd literally jumped bed put beach clothes ran door like evacuate apocalypse,0
man buried dog alive thought one would find rescued time,0
tube strike live latest travel update london engulfed chaos crosslondon travel accepte,1
apparently youre bleeding people look weird lol well fine keep walking,0
world class tgirl as scene pandemonium,0
beforeitsnews sinkhole grows brooklyn sixmeter crater swallow street,1
suicide superpower america survive patrick buchana,0
brothernlaw riooooos got call head north fight wild fire dude beast,1
hostage libya remain unharmed government source wednesday denied report two indian national,1
vine year oh god explode,0
california shakingcatching fireand overcharging ppl rent past year aint going nowhere,1
plan case pool chemical emergency learn watersafety,0
liked video kalle mattson avalanche official video,0
usnwsgov severe weather statement issued august pm edt nw severe thunderstorm warning,1
stretcher min speaker deck,0
im also mistaken sitting right next nuclear reactor smart cataclysmic event amp reator melt,1
expert prepper financial collapse natural disaster failed grid,1
probably inundated year,0
ignition knock detonation sensorsenso fit bmw ci,1
im jokin still cant move,0
apocalypse upon u,0
guess thats ok armenian since weve spent history getting annihilated,1
cnn news august two train derailed amid flood video india august flooding video youtube,1
heysundowns annihilated previous meeting celticindeed improvement,0
self destruction mode,0
removal trace something obliteration,0
renovation mean obliteration entrepreneur management leadership smallbiz startup business,0
faan order evacuation abandoned aircraft mma faan noted action become neces via,1
earthquake drill atm,1
jax issue hazardous weather outlook hwo,0
vampiro going table flame ultimalucha luchaunderground,0
tension bayelsa patience jonathan plan hijack apc pdp,1
reddit lightning spark new fire boise national forest rstormcoming,1
si sit cam wo panicking,0
radioactive box quarantined israel ashdod port evacuated emergency team discovered radiation emittin,1
suicide bomber target saudi mosque least dead suicide bomber target saudi mosque least dead ridiculous,1
panic natsnation concern sure,0
finally demolished spring property sat vacant since saddlebrooke,0
risk assessment optimization routing hazardous waste collection sustainable environmental,0
matakomilk breaking news unconfirmed heard loud bang nearby appears blast wind neighbour as,0
bush fire ca crazy,1
death,0
okay sure word mass murder applies war horrendous none less,1
oh fuck bill clinton bombing u fuck nato,0
justmarried turkish couple gave syrian refugee incredible gift washingtonpost,1
wtf thomas edison making lightbulb used electrocute animal make everyone think tesla power unsafe wank,0
ya boy clip v kus full battle,0
injury pre fosterfloyd covered next week,0
flood advisory effect shelby county al pm alwx,1
breaking firefighter battling blaze east cary condo building,1
return relax know always return need panic gave corn flake,0
even worse look american constitutional system collided new politic,0
hiring read latest job opening emergency department psychiatric rn fte day,0
getting hazardous getting world alive,1
ambulance right outside work,0
screaming different language,0
please allow reiterate weapon mindset individual professional help legion,1
lucio let get overwatch hype train rolling caution though arent break,0
oh yeah ipod almost exploded last night using charging shit sparking akxbskdn almost died,1
contemplating going chili get molten lava cake,0
thunder beautiful,0
always felt like namekians black people felt played died planet got destroyed,0
watching desolation smaug spanish hell drug,0
people try jwalk ambulance passing hate,0
im devastated end longer see tyler blackburn face pll xxx,0
pyrotechnic artwork cai guoqiang explodes blossom step philadelphia,1
naturaldisasters california fire rage forest service sound alarm rising wildfire cost,1
rly tragedy mp live recount horror saw coach train plunging water called,1
california burning gov drought wildfire,1
day drown tear dont let get,0
liked video darude sandstorm,0
haunting memory drawn survivor,1
controlled murder fine mass murder crowd undeserving people isnt case closed,1
think going demolish drake house ghostwriting shit know rihanna life next door,1
best time day liveonstreamate,0
injured pro bowl back,0
wreck wreck wreck wreck wreck wreck wreck wreck wreck wreck wreck wreck wreck,0
episcopal priest road trip interracial family share harrowing story police harassment via,0
new york whirlwind day activity new york breakfast millennium hotel united nation plaza lunch,0
might casualty tomorrow,1
memorial million perished holodomor erected u capital,1
reject law misguided false prophet imprison nation fueling self annihilation,0
hear mumbling hear cackling got em scared shook panicking,0
mile marker south mooresville iredell vehicle accident ramp closed pm,1
ahh forgot headphone supposed survive day without music ayhhhhhdjjfjrjjrdjjeks,0
stats,0
president barack obama air meltdown opposition iran nuclear deal via,1
isi orchs dont ability massacre civilian far frontlines like tyrant,1
reality training train fall elevated track windstorm fire em,1
overrun natural disaster survival server,1
keep sneezing either someone placed southern dust storm house someone talkin smack,0
alleged driver kuwait attack joined daesh day june suicide bombing confesses court,1
another day passed thankfully central command confirmed new casualty please pray,1
ooooohshit ooohshit scream hell love,0
focus going obliterate career tea,0
hey happing trouble shooting step happens,0
killed arabia mosque suicide bombing suicide bomber attacked mosque aseer southwestern saudi,1
survive ill see tomorrow,0
ember aware,1
denver co insurance job claim property field adjuster catastrophe safeco usa liberty mutual insurance,0
mind blown slithering viscous gold mine cover yeah yeah yeahs erykah badu,0
fireman ed run burning building others running doug deserves respect,1
yearold boy charged manslaughter toddler report yearold boy charged manslaughter fatal sh,1
someone told soccer mom getting pic blown put daughter bedroom wall,0
save self dont let drown,0
sing tsunami beginner computer tutorial everyone want learn build pc,0
came idea fragrance concept bath bomb called blood enemy say thats bathe,1
real people true story real pain amp suffering displaced refugeesmatter syria,1
lowkey already know youre gon na drown school year,0
join providence health amp service team see latest nursing job opening torrance ca hiring,0
abc onlinemh aircraft debris found la reunion missing malaysia airline abc onlinea piece aircraft debris,1
railway minister prabhu call mp derailment natural calamity,1
ancient mayan tablet found via,0
nosurrender result full metal mayhem world title match bully ray taken career come end,0
kca votejkt id news update family displaced fired damaged housed near th osborn fire extinguished,1
drunk meal cook youre totally obliterated,0
police officer wounded suspect dead exchanging shot richmond police officer wounded suspect killed,1
opening scene harry potter order phoenix remind anyone else movie twister okay,0
cant sinkhole swallowed every taco place neighborhood,0
last time checked lot injury course time injury prone wrong,0
old testimony weapon used promote conflict tactic corruption amp infiltration group,0
hella crazy fight ambulance couple mosh pit,1
army veteran fear loose rock dundee landslide could kill moment faced hail bullet,1
np metallica damage inc,0
ebay snipe rt lego power miner set thunder driller boxed please favorite amp share,0
stemming cub talk team roster cancer survivor amp fan help another,1
annihilated damascus syrian army grind alloosh gang manure pile,1
seems gov moonbeam toke blame bush fire,1
utc km volcano hawaii,1
case voter fraud year need new law gun death day actually follows law amirite vra,1
secret avalanche catechize inner self confidential communication respect creating worth len,0
able stay work week take online course property casualty state,0
thank drove mayhem scary stacy,0
severe weather rare hailstorm pummel boston,1
ohh fukurodani didnt survive apocalypse bokuto feel horrible poor boy ppor child,1
petition remaster fatal frame windwakerstyle selfie mode,0
survivor shanghai ghetto reunite year shanghai china,0
halsey troye collab would bomb,0
god order obliteration ancient canaanite via,0
yearold boy charged manslaughter toddler report yearold boy charged manslaughter fatal sh,1
bleacher entire set one big game stage lava,0
updateme confirms woman pulled burning house died last friday yr old edna jeffersonampdoris sherfield,1
business deluged invoice make stand colour shape likely ri togthe top pay pile,0
broadcast journalism hostage fortune otherwise quottelevision blind else quotoperations since superv,0
sweetpea running riot allotment brightening rainy day,1
thousand people displacedinjuredkilled hey there opportunity different restaurant,1
entension bayelsa patience jonathan plan hijack apc pdp,1
president spoke kennedy diplomacy avert nuclear disaster cold war bolster pitch congress approval,1
india flood derail two train killing people,1
meet man survived hiroshima nagasaki,1
got cute lil cliff fall,0
thats always good pretty explosion,1
brunette beauty night stretch victorian sofa view download video,0
dell tablet scream win,0
updated window get error,0
metro still doesnt know blue amp orange line reopen empty passenger car derailed new series wmata,1
regular coffee rockstar coffee today im still tired,0
stay houston,0
sioux city fire official believe bridge collapse lead cement truck roll siouxland matter siouxlan,1
excited cyclone football,0
dont throw word hero around lightly usually reserved first responder military he hero,0
miss gary buseys son play dixie electronic green fiddle postbattle celebration sequence,0
recycling using nonhazardous chemical holland continually strives maintain ecofriendly existence,1
police officer wounded suspect dead exchanging shot,1
granted like half town flood rain still whatever,1
bomb crash loot riot emergency pipe bomb nuclear chemical spill gas ricin leak violence drug cartel cocaine marijuana heroine kidnap bust,1
harder conflict glorious triumph thomas paine,0
ignition knock detonation sensor connectorconnecto motorcraft wpt,0
katherines death,0
rt naayf first accident year turning onto chandanee magu near mma taxi rammed halfway turned everyone conf,1
death redlight running crash pedestrian bicyclist amp vehicle occupant hit redlight runner,1
lifelong alltime favorite song landslide song gotten lot though time amp,0
pandemonium aba woman delivers baby without face photo,1
may allah help suffering pakistan flood family dua,1
course dont melt steel order cause structural failure,0
sammy todd always rescue may uniform still rescue lmao forever kfc fam,0
lol cousin coursing causing di maria lol,0
clearedincident injuryi inner loop exit md georgia ave silver spring,0
high fashion food collide gucci chosen one shanghai popular commercial avenue fashion,0
speed nexus shifter community cargo bike,0
dc love please obliterate power girl,0
change state fire code prohibits grill deck condo apartment building check,0
phone charging lightening struck backyard holding phone electrocuted hand hurt bad man,0
may know role terrorist,0
dont think ive forgiven angelina jolie yet sef,0
locke pitch playoff disaster absolutely positively never let pitch sixth inning,0
youre lot safer way yeah lot stable amp get trouble seat right,0
average gop voter would go bigtent circus hailstormwindstorm,0
rip mama im still thuggin cause world war zone,0
please stand bee profithungry chemical company keep ban amp savebees sign petition,0
pic yr old pkk suicide bomber detonated bomb turkey army trench released,1
fight bioterrorism sir,1
happened get road right behind bus im dead serious,0
refugio oil spill may costlier bigger projected,1
investigator said virgin galactic spaceship crash caused structural failure copilot unlocked braking system,1
machine really captured attention helicopter firefighting wildfire oregon easternoregon,1
skimmed twitter missed body bagging,0
played online last night got as obliterated,0
u record hurricane drought,1
papi absolutely crushed ball,0
minecraft night lucky block mod bob apocalypse wither amp mod showcase popularmmos via,0
wo pic yr old pkk suicide bomber detonated bomb turkey army trench released,1
band building fire playing wednesday rdg,0
ahh youre bomb baby,0
slow clap pilot dramatic video show plane landing violent storm,1
yeah tonight ride lightning final resting place,0
richard return whirlwind day mlb,1
yet another company trying censor internet reddit started quarantine content cc,0
sure burned calorie eating giant bowl mac cheese totally earned calorie klondike bar,0
im devastated,0
witch glass castle supernatural ya sibling rivalry magic love collide wogc kindle,0
new post people finally panicking cable tv,0
reason knocking someone door snowstorm wearing footed pajama best way get bathroom,0
lukebox something first responder military true hero besides music,0
sound judgement mpc premature rise could derail recovery business,1
crack path wiped morning beach run surface wound left elbow right knee,0
photo failure structural integrity affect u whether barn raised upon faulty concrete,0
cessna airplane accident ocampo coahuila mexico july killed four men including state coahuila government official,1
signup open falling danger release day blast review tour signup,1
cat nine iron xii nightmarishly brutal weapon used ritualistic country club de,1
he current nova bookslast checkedhe tied book rider died annihilation,0
gm pray attack enemy derail ur destiny blocked lord amp flood ur life wheavenly blessing,0
bbc news india rail crash train derail madhya pradesh flash flood,1
thursday updated kml seismic exploration vessel offshore oil,0
u national park service tonto national forest stop annihilation salt river wild horse via,1
right youre annoyed actually hung youd see mean harm,0
jealous tear burning fire thousand ransacked building awesomeeeeeeee,1
railway caught unawares mp tragedy accident spot never marked vulnerable,1
womem crush wednesday,0
itd bomb guy,0
car crashsterlingwho driving carmel joeysterling knight,0
beautiful sweet avalanche faith akito rose lot frothy gyp weddinghour,0
memphis always flood,1
newlywed feed thousand syrian refugee instead hosting banquet wedding dinner age news,0
wave shall ripple collide tide love survive love,0
crossborder terrorism pakistan caught redhanded,1
maj muzzamil pilot offr mi crashed near mansehra today may almighty give strength family bear loss,1
whelen model s siren amplifier police emergency vehicle full read ebay,0
unexplainable desire watch rescuer childhooddefined,0
know music good hear siren get chill,0
udhampur terror attack nia take probe pakistani terrorist quizzed pak denies link election achedin,1
pet like part family love animal last pet rescued break heart animal mistreated,0
home razed northern calif wildfire sandiego,1
criminal hijack lorry bus arrested enugu photo,1
check ameribag healthy back bag shoulder cross body backpack khaki tan beige nylon,0
bsf jawan died fidayeen ak bloody insas insas rifle blame soldier death mod,1
map typhoon soudelors predicted path approach taiwan expected make landfall southern china,1
sabrina dad rescued dude kept cage weve since,1
isnt anything desolate bc nature significance first country,0
science piece wreckage flight mh confirmed union island possible,1
infosec rather knew firefighter day often run burning building deal,0
possibly he injury ankle though one worse regardless,0
pay photo safari weapon allowed otherwisethey like kill something,0
murderous story america first hijacking,1
gunshot wound bicep one ten wound chesttorso area kerricktrial jonathanferrell,1
latest home razed northern california wildfire,1
visting georgina drowned rat cafeawful view,1
pm hazard high traffic area dean bridge rd,1
cop pull drunk driver safety second car hit train via,1
good luck tomorrow night get coefficient point plz,0
grande twister,0
like singing loud,0
new evacuation ordered home danger hwy fire near roosevelt wash koin news,1
seven chinese christian detained amid widespread anger cross demolition,1
ight,0
breaking obama official gave muslim terrorist weapon used texas attack,1
held hostage radical group,0
simple meltdown areva ever seen control kid,0
rubber mudslide still laughing,0
sure covering head wound scab solution,0
tonight quite interesting minute ago fire system went evacuate building,1
would arsenal fan want west ham relegation battle season danger afc sun,0
probably skip basic life maintenance thing day cut burning building people screaming street,1
see crazy line blew,0
one direction pick fan army directioners,0
following catastrophic injury acute medical care take precedent ptsd often follows wake undetected,1
putin plan destroy western food en masse causing huge public backlash,0
rather violent storm possibility stream tonight,1
back school commercial came sister meltdown,0
interested gun powder art discussed end introduction theological aesthetic,0
biztip recommend business get alternative source electricity solar wind battery emergency plan,1
sorry screaming car kinda know people let yell,0
catastrophic effect hiroshima nagasaki atomic bombing still felt today,1
ruin everything ruined sour cream put brick cheese freezerdummy,0
sir wanted make point made said lying bridge collapse,1
ted cruz fire back jeb amp bush lose republican like jeb amp mitt video,0
squad obliteration,1
could aaaaaaallll even season devastated,1
soul food sound bomb right,0
heavy rain hail,1
enter world extreme diving story volga river,0
seismic risk comparison case study calabria malta,1
fight bioterrorism sir,0
foodscare offer go nestleindia slip loss magginoodle ban unsafe hazardous humanconsumption,1
agree get amp vote look devastation caused firstnations idlenomore cndpoli yyj,1
american family served military work emergency service work,1
flat bomb whatcanthedo,0
excited next year school ensuing student debt also catastrophic climate change lifetime,0
got world bros dont wan na see harm come way ima lil upset right,0
deep crew help california wild fire via,1
mention major contributor annihilation israel,1
year atomic bomb japan still struggle war past anniversary devastation wrought,1
first night retainer quite weird better get used wear every single night next year least,0
stormchase violent record breaking ef el reno oklahoma tornado nearly run,1
flashflood cause landslide gilgit pakistan damage home farmland road bridge disaster,1
iembothfo nnw hana maui co hi county official report coastal flood,1
weekend nathans birthday weekend want drown beer reckless thing potentially die hmu,0
good luck everyone school soon sleeping schedule wrecked beyond repair,0
anyone else think stephen sound like andy dick get excited difference actually like stephen masterchef,0
christian attacked muslim temple mount waving israeli flag via pamela geller,1
everything must ok shes listening sandstorm,0
see happens battle block finally,0
turkish troop killed kurdish militant suicide attack,1
remembering rebecca roga philippine murdered hamas terrorist suicide bombing egged bus,1
fear motivator,0
emotionally destroyed,0
town salem melted ice cube bc im arsonist,0
large explosion rock aluminum plant southeast missouri renaomino logo,1
free ebay sniping rt chevrolet avalanche ltz lifted truck please favorite amp share,0
stuart broad prime minister yet best thing sport seen year aussie look devastated bless,0
thinking getting demo car friend joining demolition derby kenosha,0
method contemplation incident leading bridal landslide wiwnpfxa,1
boulder deputy waiting bomb squad detonate grenade like one found stearns lake today,1
fedex willing transport research specimen potential bioterror pathogen wake anthrax lab mishap,1
hero swim lonely guy help solution lifeguard hated killing people destroyed,0
dead space obliteration imminent via,0
ted cruz bash obama comparison gop iranian shouting death america tcot,1
id still team usagi even blew entire solar system airhead misstep,0
natural disaster news story natural disaster page newser,1
world annihilation v self transformation alien attack exterminate human,1
demi stans really think heart attack sold million copy,0
wsls fire burn multiple building montgomery co tip make childcare less expensive amp rain join,1
hire doppler showing storm ne edmond severe hail mph wind possible okwx,1
lost word made new fan fam crazy skill beyond blessed keep blazing dude made love respect,0
dead,0
someone mention gansey fire busting brick wall seven different building,1
hiroshima prepares remember day bomb dropped,1
let bagging body begin lol aint cuffed yet shouldnt bad,0
weak distinct rotation fully condenses near villa ridge mo today near mcv center subtornado video,1
people died human experiment unit japanese military,1
first piece wreckage firstever lost boeing vanished back early march along people board,1
watch airport get swallowed sandstorm minute,1
lakeeffect snowstorm twill denim jacket proceeds item design go,1
anything fix people every trusted life charles one casualty,1
keep drown insult feel devote pride ten fold action reprocussions set birth retroactive,0
wan na touchdown wan na make world collide,0
several wild fire burned lot land california one larger fire,1
love dont get trouble people house still trashed,0
seven sea wreck giannis sunk hitting submerged reef,1
go look grizzly peak right look like beginning dystopian apocalypse movie,0
reason brain twister oneself discount redesigning website itrawcwb,0
blog rain much needed drought condition worsen right charlotte much surrounding area,1
first responder get int free saturday detail,0
bloody hell day havent even really done anything tired everything thought vaca would help much,0
breast milk original superfood rate worldwide stalled contributing child death last year,0
omron hem automatic blood pressure monitor standard large bp cuff,0
scseestapreparando light mag earthquake km sw khuzdar pakistan wednes via,1
beyonce pick fan army beyhive,0
crushed mile run tonight awesome,0
another white mass murderer thank god live california,1
seattle deadliest red light runner intersection revealed,1
enjoyed show today great fun emergency non evacuation interesting great run,0
anyone know murfreesboro walmart evacuated evening,1
danger union bear,0
whether like everything come dark ready shit explode,0
heavy rain frequent thunder gusty wind moving part uptown midtown cn,1
rite man tlk widout nuh curfew long side aka cum fi steal di show itz rubbery di whole dem fi knw sound music,0
look shad forsythe done year wont many injury inevitably injury like others,0
news alert glimpse hyderabad deluged heavy rainfall,1
thda kick antiblight loan effort memphis,0
child shoulder bag pvc shoulder book bag cartoon cross body bag girl,0
bulletproof black like funeral world around u burning cold,1
apollo brown detonate ft mop,0
mini lalaloopsy doll seed sunburst june seashore sweater snowstorm autumn spice full,0
isnt ironic anniversary hiroshima current president helping terrorist nation acquire nuclear weapon traitor,1
inner man wayward route harm spent replacing online survey qzloremft,0
epa begin demolition home toxic area buffalo,1
ben favorited,0
haley lu richardson fight water last survivor review,0
new ebay uk star war storm trooper pop vinyl bobble head figure pop funko,0
boy charged manslaughter shooting death elijah walker yearold appeared wednesday,1
upset rally upset burning building business executing cop nothing etc,1
body bagging meek meanwhile he tour nicki hush hushhes put dis track meek dude started lol,0
there trouble know caaaaaall,0
wftv eyewitness news tn school psychologist arrested florida child porn charge,0
upper arm friggin icicle projectile leg various wound girl look like miniature,1
ahrar al sham negotiation iran al zabadani wanted sunni evacuated al zabadani,0
fam evacuate bc need power,1
amen today day salvation thx brother mike great encouragement coming u tsunami,1
police officer wounded suspect dead exchanging shot richmond va ap richmond police officer wa,1
new illustration la time illustration subway,0
watch airport get swallowed sandstorm minute,1
motorcyclist bicyclist injured denver collision broadway,1
wreck road blockage woodward avenue northbound davison m shoalstraffic,1
afterwards alone hour savour prolong almost physical intensity feeling deluged sigue,0
soon start flooding comment section come brazil comment bc,0
video picking body water rescuer searching hundred migrant mediterran,1
mahalo nui loa making generation could survived bush year without jonvoyage holomua,0
role usg paeds major trauma imaging decision tool foamed foamcc,0
news refugio oil spill may costlier bigger projected,1
nowplaying rene ablaze amp ian buff magnitude edm,0
run siren half hour hotel premium promotion offer,0
ud rescue structural collapse scott road ypres road york truck,1
people died human experiment unit japanese military,1
liked video call duty piano entertainer ep musician collide,0
lender fee veteran first responder past present,0
disaster control team studying way evacuate port area response tidal wave warning,1
year atomic bomb japan still struggle war past anniversary devastation wrought,1
la risk giant wildfire way la kcrw,1
stuart broad take eight joe root run riot aussie stuart broad took careerbest figure,0
disaster averted police kill gunman hoax device cinema via foxnews,1
blown away extension nothing seen many option one,0
update indiana state police reopening near lafayette following emergency bridge repair closed key highway hour,1
leicestermerc icymi ash australia collapse trent bridge twitter rea,0
acc study conducted skim morethan population kashmir suffer psychiatric disorder kashmirconflict,1
cool news cutest indot worker might little bias,0
hot specially modified land stadium rescue hostage iran prebreak best,1
got mistake bos got worse cause job oversee work bos didnt change,0
cape coral city leader take part mock hurricane training,1
skype crashed host,0
evacuation order lifted town roosevelt wash though resident warned ready leave quickly,1
dont think one second im drown memory baby aint worth whiskey,0
family sue legionnaire family affected fatal outbreak news check follow,1
tennessee lesbian couple faked hate crime destroyed home arson lesbian,1
rt patrickjbutler excellent damiengayle eyewitness account kid company closure drop bomb expect,1
people arent rioting justice served murderer behind bar simple justiceno peace justicepeace,1
psalm lord redeemeth soul servant none trust shall desolate,0
im sorry resort weapon settle something youre pussy win lose take shit like man amp leave,1
fatality,0
passenger abandoned lrt station tuesday hailstorm yyc yycstorm abstorm,1
ltgaspgt forgot sunday omg,0
yes lot harm good guardrail cant go big problem school start,0
student sutherland remember australian casualty lone pine gallipoli via,1
pussy deep couldve drowned twice,0
plus side look sky last night ablaze,0
madhya pradesh train derailment village youth saved many life,1
apocalpytic iran heat wave nearly break world record,1
loud bang froze spot slowly every head turned towards one thing hated,0
bestseller fossil dawson mini cross body bag e,0
lost amp alone sinking like stone carry,0
white ppl bruise easily ur bullet wound,0
afghan conflict see sharp rise female casualty,1
oun continues severe thunderstorm warning oklahoma ok till pm cdt,1
wind take gypsy blood time,0
bestfriends high school crush,0
look like george panic attack lol,0
man charged fatal crash near dubbo refused bail via,1
fukushima story nuclear disaster,1
mgnafrica pin correction tent collapse story correction tent collapse story,0
quote never let problem ruin faith,0
good samaritan shot horror hijacking johannesburg ampmdash four men shot dead bronville free state,1
union debris almost surely flight official say new york time,1
much shit happened today wtf idk survive thruuu,1
nout like rubbin salt wound dad,0
obama keep iraqi christian asylum seeker ndetention flooding u wunscreened muslim via,1
demolished palestinian village come back life,1
juneau empire first responder turn national night,0
bring body bag tho,0
jsunnews storm damage reported madison county thunderstorm damage report ar via,1
love living blaze inside apt balcony,1
alabama home quarantined possible ebola case ambulance sat outside university alabama,1
still domestic terrorism,1
hat russian soviet army kgb military cossack ushanka link,0
way video stretcher,0
u military nato fighting taliban,1
little forest fire warden,1
trauma team need come american eshop,0
strengthening partnership afterhaiyan haiyan yolandaph philippine livelihood disasterrecovery disaster,1
read unhealed wound unending conflict kashmir pakistan india endoccupation endconflict freekashmir,1
dont dare play victim ive drowning year,0
remember worked mcdonalds use hour late used military time use mess,0
sigh daily battle,0
please support please cosponsor support aid sick injured responder renew health,1
came back camping returned new song get recorded tomorrow cant wait desolation theconspiracytheory newep,1
nda written damage ability offer service future prolly dont want work anyway,0
put detroit nigga gone acting tryna fuck drown mfsloose buff water,0
common running injury avoid,0
magic city mayhem kissimmee adventure aug,0
baaaack petersens bowhunting battle bow make sure head cast vote,0
gunman open fire bus near el salvador capital killing week gang attack killed bus driver bit,1
eyewitness identification via reddit,0
unwanted person block se th ave portland portland police pp pdx,0
santa fe spring studebaker rd south st trfc collisionno inj,0
north sac elkhorn blvd walerga rd trfc collision enrt,1
trauma happen anywhere school home etc time learn abc trauma parent,1
evil generation rock roll evacuation far eye see hey hey hey hey,0
dr owen say four ferrells ten bullet wound rapidly lethal kerricktrial twcnewsclt,1
liked video minecraft p lava door tutorial p xbox,0
business affected natural manmade disaster never reopen,0
ad mile hurricane fun making wet hot,0
sinkhole grows brooklyn sixmeter crater swallow street,1
user sub quarantined,0
dreaming peacefully loud as thunder wanted scare,1
news water main break disrupts trolley service,1
science daily lightning reshapes rock atomic level lightning strike reshape mineral crystal,1
u forest service say spending half budget fire,1
cant summon flame directly hell store bought fineme momdies,0
finnish hip hop pioneer paleface rescued drifting raft brought container later enkelbiljett menolippu,0
im tryna smoke mf,0
way hiroshima today th anniversary detonation atomic bomb,1
kenya news chelsea talisman eden hazard keen match cristiano ronaldo lionel messi mipasho,0
barely smoke people solo blunts,0
student collide frisat register nlccollide,0
watching xela firefighter struggle save burning building last night old equipment make grateful dcfd,1
nueva favorita emergency feat chemical brother bit,0
babe im gon na ruin let stay,0
one direction pick fan army directioners,1
continue derail iran nuclear deal tonight gopdebate oh yeah,1
like earth would want anybody unhappy dont purposely ruin somebody elses happiness,0
im slightly traumatised week one born,0
thunderstorm helsinki thunder lightning lightningstrike thunderstorm nature helsinki,1
big ten annual football medium day get here cyclone hoop recruiting nugget,1
new lady shoulder tote handbag faux leather hobo purse cross body bag womens full read,0
homeowner insurance cover water damage good thing know,1
seen turn blind eye bloke drinking smoking curfew time cosits worth hassle,1
evacuation order lifted roosevelt highway fire koin news,1
another disaster waiting happen allowing,1
last tree cut last fish eaten last stream poisoned realize,0
many security gards good dare let someone harm harry otrametlife,0
past curfew grove,0
back home mad cause chill white boy,0
texas seek comment rule change windstorm insurer,0
politician using false allegation attack plannedparenthood amp harm woman arent fooled standwithpp,0
storm batter top half north island violent overnight storm battered upper north island uprootin,1
advice noah dont go running thunderstorm,0
morganite gemstone white fire opal sterling silver ring size,0
gamergate end reddit coming time devise emergency evacuation plan,0
texas seek comment rule change windstorm insurer via,0
nigga love hating,0
bc always got trouble laughing much,0
infowars nashville theater attack gun grabber demand hatchet control nwo,1
beforeitsnews hundred feared dead libyan migrant boat capsizes rescue,1
meatloving feminist world riot grill arrived oliviamiles,0
rescued tb go ribbon hit via,0
allah describes piling wealth thinking would last forever description people hellfire surah humaza reflect,0
liked video tremor joke tremor dlc fatalitiesxray,1
flood advisory issued august pm edt nw wxky,1
mean olympic also followup honshu operation coronet allied casualty japanese dead,1
mary coming troy rescue,0
he already done negotiating state terrorism world hurry trying get deal,1
liked video battlefield hardline new weapon new map throwingknifes,0
apply work dignity health rn emergency service full time siena campus henderson job,0
coming atcha boston golfball sized hail yesterday sunny amazing sky today parkchat,0
need friend there booze darude sandstorm,0
pc cree led work light offroad lamp car truck boat mining wd flood beam full rea,0
lt right even two year still refugee camped south redcliffe village aidan gt,1
obama declares disaster typhoondevastated saipan obama sign disaster declaration northern marians,1
lunch stewart amp julian couple hour earlier good finally find happened,0
turn back rescued swept away sin though cloud isaiah contemporary english version,0
hope drowned,0
haha alrightbut twice stupid he traumatised,0
simmering beneath nhl good time league concussion issue,0
got evacuated movie theatre emergency saw people running another theyre,1
business deluged invoice make stand ogt colomr shape likely rise top pay pile,0
people id let ruin life soul cervix everything odell definitely top list,0
love jesse suffers panic attack,0
skinny jean hazardous health socialnews,1
daem girl smooth asf,0
first world war ever truly end ripple still compound low level tsunami,1
nursing alert emergency department psychiatric rn fte day providence health amp service olympia wa,1
small earthquake la dont worry emily rossum fine difficultpeople great,1
sinkhole disrupts downtown trolley service sandiego,1
he gone relax thought wife wrecked cake goner mind lol whoop,0
download amp watch demolition frog movie,1
fun filled happyhour simmons bar camden handsome one got annihilated apart game,0
latest home razed northern california wildfire,1
katherines death,0
gov brown link ca wildfire drought,1
katunews sr remains closed brush fire burn acre liveonk,1
emergency unit simulate chemical explosion nu evanston,1
word charlie daniel fire mountain run boy run,1
catastrophic effect hiroshima nagasaki atomic bombing still felt today,1
kosciusko police investigating pedestrian fatality hit train thursday,1
bagging body shes smoking hot,0
past lane reopened lane closed lane open trash truck fire cleanup,1
police assailant latest u movie theatre attack homeless psychological issue,1
far right racist avigdorliberman call destruction susiya previously also called beheading,1
american casualty including fatality five ten million japanese fatality,1
people screamed right ear week camp twentysix still day left cedarglade,0
syd traffic hazard oil spill bankstown stacey st wattle st,1
myanmar displaced rohingya sittwe point return prison like condition genocide,1
colorado avalanche men official colorado avalanche reebok tshirt xl blue cotton nhl hockey,0
alsowhat st team player got injuredthen bilic would get slated playing themhe cant win,1
mtr issue hazardous weather outlook hwo,1
latest home razed northern california wildfire abc news,1
dont get money tomorrow rioting,0
nowplaying dubstep hardstyle trap messy mix event recording alien casualty,1
monster truck racer catch fire fair,1
wce cant even lie even tho cant stand still always crush,0
fyi cadfyi accident property damagenhs piner rdhorndale dr,1
truckcrash overturn fortworth interstate click youve crashgt,1
square let booty org write xv im sure wed fine building around set fire,0
blight,0
though serious natural disaster increased japanjapan nuclear safety standard far inferior u standardanonymous nytimes,1
canada hailstorm flash flooding slam calgary knock power customer,1
another standuser detonate killer queen,0
cake look like mudslide hah,0
new different fnaf fanfiction trixiedrowned pageshi awesome proxy wattpad promo,0
jack wilshere poor injury recordand field behavior doesnt helparsenal,1
responds fedex longer transport bioterror germ wake anthrax lab mishap,1
car fast,0
yeah agree shock factor rope people show devastation anger,0
new job opening downtown emergency service center seattle chemical dependency counselor intern job,0
meltdown yesterday im going miss much forsure dtb life get back watchout,0
dog rendered kitten burning building,1
reddit quarantine offensive content,0
guy scared show real name anyway know ill bomb,0
official kinesiology tape ironman longlasting durability effectiveness common injury,0
george njenga hero saved burning friend razing wildfire,1
poor liv getting phone wrecked day thatswhatfriendsarefor,0
eep thought yesterday saw hella scary hail armageddon,1
gm pray attack enemy derail ur destiny blocked lord amp flood ur life wheavenly blessing,1
unbelievably insane man airport airplane aircraft aeroplane runway accident freaky,1
cleveland height shaker height fight blight house next door,0
meg issue hazardous weather outlook hwo,1
ended today staff meeting teacher version survive tootrue,0
many thx share comment alex lightman evidence take take,0
hey esh,0
want twister ticket chance vip experience see shania click,0
unr issue severe thunderstorm warning wind mph hail weston wy custer fall river lawrence meade pennington,1
run evacuation hospital indexing remedial angioplasty dissertation power elite hospital dismayed,1
hollywood movie trapped miner released chile,1
greed fuel selfdestruction takecare,0
nz hollywood movie trapped miner released chile hugomatz,0
ive bleeding silence feel safer violence,0
go ebola run life aaarrrgghhh,1
magical bag blazing,0
pick ground swam drowned hit bottom hard bounced twice suffice time around different,1
official vid doublecups gtgt gtgt prod gtgt armageddon,0
bradford back best burning building read weep leeds,1
interview collapse materialism best talkradio listen live,1
said terrorist babri ok demolish house todayhave right take revenge,0
fucking go injury who next,0
looking guy live stream im guessing evacuation cost front,0
calling kia get banned quarantined month end,0
star reviewer dragon blood boxset lindsay buroker kindle,0
feel like sinking low selfimage take quiz,0
bleeding wild thing running around apartment he work bar,0
yes would think since college difficult think bioterrorism esp bc dispersed,1
he getting think salt wound rub,0
scared leave car tree storm jamaicaplain boston hailstorm,1
pfft wish bot like instead im daily inundated character unhinged machismo bullshit,0
dr jack stern interview ending back pain military injury listen,0
many basket charming fatality get mystery paranormal,0
internet basic flood defective intertissue soul mate milk trench host guabxfv,1
even second half great greek tragedy laced monologue charlize coulda much,0
nowplaying fitz tantrum league crush listen nowplaying,0
losdelsonido obama declares disaster typhoondevastated saipan obama sign disaster declaration northern ivanberroa,1
completely annihilated cech paul keegan time alive,0
mourning notice stabbing arson victim stir politics grief israel,1
photo deadgirltalking unfortunemelody jaylenejoybeligan tarynel dredougie santanicopandemonium,0
enter world extreme diving story volga river,0
shark boy lava girl third time today guess kid feeling like,0
ouch clelliyou could almost hear hope dream crushed,0
lich king first casualty block back hate,1
hobbit desolation smaug ed sheeran see fire hd,0
son didnt sleep night finally laid bed crashed,0
tweetlikeitsseptember th two building fire,1
thats terrorism war army intel agent counter move detonate bomb,1
nothing fear taking risk,1
body bag,0
diretube information egypt cyprus greece agreed fight terrorism,1
dont mess daddy massacre becarefulharry,0
get battlefield scream mic cunt,0
four technology could let human survive environmental disaster,0
good tip family emergency plan,0
thousand attend rally organized peace protesting arson attack took life,1
reid lake fire prompt campground evacuation order,1
devastation coming find closed momneedscoffee asap iwontmakeit,0
would annihilated might well thank,0
drake killing dude tea bagging dead body point,1
look state action year fergusons upheaval,1
woman gps app guide rescuer injured biker marin county,1
cyclist collided runner roanoke greenway win civil verdict via,0
dc medium tip getting update derailed wmata train today ask movie night quickly change subject,1
municipal emergency plan effect stay safe everyone abstorm yyc,1
global precipitation measurement satellite capture image typhoon soudelor nasahurricane visit,1
someone asked monkey fist foot long panic snap like one pictured used,0
game really hope see agdq trauma center second opinion kororinpa marble mania tloz oracle age metroid ii,0
reno truck trailer catch fire reno,1
stu put beetroot cake even lost mudslide,0
band killed tonight almost loud enough drown tambourine behind,1
wave flooding shore cant find way home anymore thats look,1
fire crew evacuate passenger gold coast tram trapped powerlines fell across carriage tennews pm,1
wish mattingly amp bundy amp mcgwire standing collapsed,1
republican styled economic destruction undergroundbestsellers,0
cyprus news analysis mullah omars death may split taliban rank omars demise would certainly lead,1
eric clapton shot sheriff guess many people rioting right none,1
control wild fire california even northern part state troubling,1
never good sign pull work amp there five ambulance amp fire truck bay wompppp least friday,1
would trapped collapsed circus tent bunch clown,0
people republic china proc abandon west philippine sea via,0
forrest version thats bloody awful well xxx,0
getting hit foul ball sitting hardly freak accident war zone,0
lightning strike distance via rpics pic,1
def louis tired plus meltdown fan confirmed he dad fan reaching making conclusion stuff,0
nah man he panicking found brother wife debbie hospital he stressed,0
trident chevy fire truck pumper ims fire dept red ho plastic,0
sitting cafe enjoying bite cramming meeting whirlwind hour nyc,0
guy bought car tuesday police knocked door yday co crashed ran amp day text asking send log book,1
hope hope die explosion,1
thought dismantling weapon yet,0
reined drink people account many fallingoffstool casualty,0
article saudi press reject russian initiative regional alliance assad regime fight terrorism,0
latestnews police officer wounded suspect dead exchanging shot richmond va ap richmond pol,1
got winning landslide perfect word cause got mud,0
politifiact harry reid percent woman served planned parenthood claim pant fire lie tcot,0
need,0
man found dead demi moore swimming pool,1
hair poverty moment need get fade weekend get,0
wtf mom drowned child,1
okay electrocute badly right,0
im fire,0
yall read nigerian refugee repatriated cameroon,1
dont see option buy full collapse vinyl tee bundle waiting,0
time hour latest series ww blueprint armageddon extremely impressive,0
repulsive refugeesvictimiserdutton evangelicalliarabbott co lnp dupe press overdrive choppergatebronwynbishopauspol,0
dal news wednesday injury report rb lance dunbar injures ankle listed daytoday,0
live somewhere else da mill aint bad son perspective,1
tt kettlebell upheaval blueprint chris lopez hindsight jhmnye,0
im getting car wow hasnt sunk,0
impacted calwildfires great recovery tip help aftermath,1
hiroshima survivor fight nuclear industry brazil video,1
russia destroys food people go hungry one insane government,1
never knew relationship btwn kansa city hyatt bridge collapse amp aias cote via,1
sadly could save humanity ursula drowned drool protoshoggoth least sort died loved,1
tbt remember time patrick kane attacked cab driver,0
bend post office roofer cut gas line prompt evacuation,1
faan give owner abandoned aircraft evacuation ultimatum via probe,1
look like mudslide,1
best thing dq cotton candy blizzard,0
marquei como visto game throne kissed fire bancodeseries,0
san jose mercury governor brown allows parole california school bus hijacker,0
refugee nuclear disaster western japan beyond thousand least afp guardian wps nytimes,1
liked video gun range mayhem,1
jacksonville family band together memorial planned toddler florida,0
dry thunderstorm lightning possible pinpoint valley forecast,1
pm mapleridge lougheed hwy eb closed rd dewdney trunk rd collision eto pm pm,1
bloody mary sink beet juice,0
tweet daily fukushima japan global nuclear disasteramp chernobyl ppl dont care hope humanity cgt,1
tour day hellfire cave would love investigate place though,0
many youtube commenters saying dothraki would get crushed came westerosnah bro underestimate dothraki,1
oh rich soil wonderful upheaval,0
sinkhole leaking sewage open housing estate irish independent aug,1
potus strategicpatience strategy genocide refugee idp internally displaced people horror etc,1
public hearing budget thurs emergency service ctr goshen,0
new post pic yr old pkk suicide bomber detonated bomb turkey army trench released,1
south sac rd ave ofr trfc collisionno inj,1
thanks joining foot,0
fear panic air want free desolation despair,0
jacksonville fire amp rescue engine awesome truck official jade fl via,1
union say supportive london yet prepared damage economically last time,0
marshall plan united state dambisa moyo via oped via,0
plain american pipeline company may spilled percent crude oil previously estimated,1
pledge allegiance pope burning building epic city,0
artisteoftheweekfact say conversation coast coastdjs agree jiwonle hiphop clubbanger,0
anything happens fucking fly metlife hour away meampbeat crap try harm boy otratmetlife,0
fill mind encouragement positivity wont take hostage careful content,0
hot funtenna hijacking computer send data sound wave black hat prebreak best,1
quirk injury law news story via,0
remaining section greystone psychiatric hospital demolition pic,0
walmart taking step keep child safe hot vehicle take look innovative car seat,0
storm,0
man would give ca right help wild fire,1
football hooligan jailed rioting game scotland already banned match england uknews,1
death railway track rain take blame derailment common last year less th,1
obama declares disaster typhoondevastated saipan obama sign disaster declaration northern marians,1
ear started bleeding,0
there actually theory magisters arent reason blight dwarf one,0
love twister maddie tae oktxduo,0
photo people killed injured deadly saudi mosque suicide attack,1
idea whats going hear siren damn helo flying low apt shaking,1
maybe muzzies spontaneously combust like allah suicide bombing payback,1
thing affiliate marketer need survive online every affiliate marketer always,0
loved way book written include many vantage point first responder kindle,0
jupiter great red spot violent storm larger entire earth,0
abc news police officer wounded suspect dead exchanging shot news,1
govt plan r cr lifeline fci waste money ask people store grain fr month fr emergency enough capacity available nw,0
look state action year ferguson upheaval,0
add item everyday eating habit please research take blood,0
mama im still thugging world war zone,0
sending snapchat wrong person instead brother toilet snapchatselfie wrongperson traumatised,0
traumatised seeing baby literally fall lady went wee great catch oneborn,0
three episode left end nigh,0
air group rescue emergency service learn,0
first time getting gbbo physically gasped cake mudslide incident already way emotionally invested,1
heard there two death murder chrissie kill adam val finn die emmerdale,0
people like charged inevitable rioting contributing lie,0
late night mcdonalds friend hilarious although car wrecked there half steak pastie industrial estate,0
wan na see reboot fresh prince belair bring back original cast everything amp nothing ruin show,0
crush one girl high school dont even realize lol,0
civilian population ever deserves demolition may never forget amp learn mistake hiroshima,1
photo scared leave car tree storm jamaicaplain boston hailstorm,1
lloyd london insure bet sinking twin,0
brave little dog get rescued river recovery inspi via,0
first trial death cecilthelion postponed,0
dont bother calling texting phone obliterated missed call message,0
panicking made tired want sleep bed,1
whats cool teen becoming like call digital first responder friend need little help support,0
sound like perfect bread ill hit trader joes wknd really lol already inundated,0
already phone updated somehow phone crashed restore theyre letting restore,0
keep askin mean like got answer plus say wrong thing might turn disaster,1
men cross body canvas waist pack solid letter print sport zipper bag coffee,0
video picking body water rescuer searching hundred migrant africa news,1
short throwing overboard dont think leader could much worse refugee worst pm ever,1
new post new smb relay attack steal user credential internet,1
doctor nurse new pediatric emergency department specialized child service,0
green line derailment concern track look like go bit,1
burned today oven degree,0
youth electrocuted khulna via,1
thought friday day today beyond devastated realised wasnt,0
lady here recover date totally bombed according men,0
eye word icy burn like rum fire,0
push left talkecologyamphuman rtsampdemocracy war afghetcleft humanitarian bombing,1
fatality,1
traumatised im,1
wsjthinktank ahead tonight gopdebate colleenmnelson explains bad debate derail campaign,0
daviesmutia breaking news unconfirmed heard loud bang nearby appears blast wind neighbour as,1
love amp cant wait collide,0
casualty insurance job hunt willinghearted rpn,0
unr continues severe thunderstorm warning wind mph hail lt weston wy custer fall river pennington sd till,1
never watched pres think he dick like thunder though,0
sinjar massacre yazidis blast lack action hostage portland phoenix newyork miami atlanta casper iraq,1
last week wanted th sense get blown far good james could win he huge target gone soon,0
united kingdom france bombing daesh syria voltaire network,1
havnt crashed,0
year atomic bomb japan still struggle war past anniversary devastation wrought,1
usgs km interlaken california time utc ep sm,0
police walk blowin smoke dey face wan na lock cu got dope shit gay,0
photo weallheartonedirection let david electrocute asshole,0
he put stretcher dont want see,0
understand broke ppl mad always hav attitude sht aint fun wont desolate long,0
devastation elation getting back foot helping willing help,0
contruction upgrading ferry earthquake standard vashon mukilteo fox earthquakenews,1
among main factor behind pedestrian fatality people failing yield car,1
refugio oil spill may costlier bigger projected,1
he blazing game best stealth skill yet nothing beat silenced,0
officer wounded suspect killed exchange gunfire richmond police say officer wounded,1
wrecked whole world,0
there fire catalinas look kinda cool picture doesnt justice,1
prevent forest fire,1
police expand search missing pregnant woman beloeil police richelieusaintlaurent expanding th,0
happy birthday miss much amp hope great birthday,0
im internally screaming,0
anti collision rear technology cool,0
george njenga hero saved burning friend razing wildfire,1
psa day fire truck behind light going move get call,0
food crematorium russia provoke outrage amid crisis famine memory,1
dr bengston wildfire management number size fire area affected cost fighting show upward trend smem,1
never let fear get way achieving dream deltachildren instaquote quoteoftheday disney waltdisney,0
worst fear,0
wont harm,0
wrecked tired gon na asleep,0
womens flower printed shoulder handbag cross body metal chain satchel bag blue,0
owner chicagoarea gay bar admits arson scheme frank elliott pleaded guilty hiring arsonist,0
picking man bar like snowstorm never know he coming many inch youll get longll hell stay,0
hi yall poem called one snowstorm meet space one time rained thx ur watching disney chann,0
taylor cara aka catastrophe mother chucker behind scene bad blood vote vmas,0
great job done village hostage,1
expert france begin examining airplane debris found reunion island french air accident expert news,1
check new song collide live bowery electric,0
fell someone back hit head concrete bleeding shit,0
kindly follow back,0
mix new flat double sided linerless bottle cap choose mix flattened full,0
burning legion returned,0
civil right movement eyewitness history series wexler sanford hardcover,0
rgj truck trailer catch fire reno,1
gop want destroy america obama dilutional institutionalize sued slander,0
killed injured madhya pradesh twin train derailment,1
lil brother crush mariah,0
today hastle getting drug tested blood drown tb shot document filling,0
obama declares disaster typhoondevastated saipan obama sign disaster declaration northern marians,1
terrorist,0
game officially collapsed,0
hermancranston atk letsfootball rt skanndtyagi letsfootball atk wired fire burning,0
liked video boeing takeoff snowstorm hd cockpit view atc audio episode,1
fear,0
wait friend mta ruin sorrybutitstrue,0
hundred feared drowned another mediterranean asylum seeker boat sinking,1
isi claim responsibility saudi mosque suicide bombing,1
going tell body bagging,0
zicac vintage leather briefcase messenger satchel tote cross body handbag womens,0
np avenged sevenfold hail king,0
rly tragedy mp live recount horror topstories india timesofindia,1
wonder he injured every year,0
also matter week amazon going deluged poorly written indie dystopian fiction teen escaping blood farm,0
gunman kill four el salvador bus attack suspected salvadoran gang member killed four people wounded,1
fresh da shower lookss still loving new hair ruin brand yes,0
fun girl joe cool durban main page,0
catastrophe anything literally unable stop ejaculating,1
resident central part ocean city heard engineer flood mitigation option tuesday ocnj,1
mh aircraft debris found la reunion missing malaysia airline abc onlin malaysia news,1
pierce veil rubber bracelet wristband collide sky full read ebay,0
rationing food water may also become necessary emergency natural disaster terror attack,0
news madhya pradesh train derailment village youth saved many life tilnow ndtv,1
witnessed first demolition derby today psa excitement worn hour,0
lmaovv hard ny new trend babalmaowelcome nyozi kwaaaaadead,0
entertainment hollywood movie trapped miner released chile santiago chile ap hollyw news,0
blksamp whts colluded take wht auth hostageamp make look blk wbioterrorismampuse lglorg idis id still,1
tipster preview chelsea swansea amp there double chelsea hazard,0
vantage backup eastbound low visibility due dust storm mile east bridge,1
new summer long thin body bag hip word skirt blue,0
mad catastrophe outbreak world war collapse,1
youre taking shower someone flush toilet second gtfo get burned,0
rt documenting climate change first major casualty via,1
pls alllll nittys evacuate stockwell,0
crazy use netanyahu argument iran flush nuclear reactor toilet,1
im going say new reddit policy change think rconspiracy quarantined thats bad truth,0
press twitch head explode,0
people died human experiment unit japanese military,1
mama scared thunder,0
reuters debris confirmed mh relative hope discovery crash site,1
pandemonium aba woman delivers baby without face photo,1
cramer igers word wrecked disney stock cnbc topnews,0
light stagetwo load shedding stagetwo load shedding force pm pm,0
former executive prosecuted fukushima nuclear disaster,1
ra sends message condolence vietnam following natural disaster behalf cuban government,1
jesus christ ball fucking crushed bluejays,0
tribal olap world pres recognize hazardous waste multidimensi,0
sandstorm woo hoo,1
moved crescent formation small trail dust left wake moved,0
official rescue migrant libya body found fox news news,1
song cool beat like nothing trouble,0
come scott rice doesnt get another shot holding lefty average injured,0
hellfire surrounded desire careful let desire control afterlife islam,0
dont cause self destruction,0
man currensy really talkin talk id devastated ghostwriter anybody else,1
propertycasualty insurance rate july several month movement commercial propertycasu,1
fine line btw mass murderer terrorist yes dont know there polit social aspect yet however went,0
hate talking otp grandma mean love death talk damn much ssshhheeesshh,0
deed reason earthquake may allah forgive u,1
little heart exploded otrametlife mtvhottest one direction,0
like weird one like rain mystical windstorm ocean wave,0
ethiopian regime continue receiving foreign aid famine struck year eastern ethiopia,1
everything sunk except fact actually moving state colorado tomorrow dreaming since kid,0
dolla say wicked twister wont running,0
dad bought dvd look like science doc front read back actually impending biblical apocalypse,1
ever think running choice life rembr there kid choice wear suicide bomb vest,0
ee recall power bar phone charger explosion burn woman register,1
rainstorm destroys house yobe state,1
smoker ruin new car smell,0
listening grandad talk holiday great dont want inundated train photo,0
start forest fire put,1
sex worker say credit card ban online ad harm good,0
physical sense help preserve memory triple disaster ajw jishine nuclear minamisoma,1
flood advisory issued august pm cdt august pm cdt nw urban weather,1
black eye space battle occurred star involving fleet totaling ship destroyed,0
literally sunk got backty school exactly week,0
man run burning building living scared hit girl dont get,0
sick criminal parent friend rioting killed police dont give damn officer,1
reuters twelve feared killed pakistani air ambulance helicopter crash,1
year national society meme preservation opened first museum meme origin displaced,0
christian attacked muslim temple mount waving israeli flag via pamela geller,1
godslove amp thanku sister helene rt new video coming apocalyptic u earthquake amp tsunami,1
mourning notice stabbing arson victim stir politics grief israel,1
hell wrong peoplecommunication rule iron fist ticket disaster cant swing one day next,0
flood two people dead house destroyed kaduna two people reportedly killed house ut,1
fall men god bomb well av always known dat since bigger pray sir,1
read american life first chronicle freeamirnow freeallfour hostage held iran irandeal,1
lt suicide bombing european union car kill least three kabul,1
every kingdom divided headed destruction city house divided stand matthew,0
think risk losing getting nose flattened lot,0
must annihilated,0
volunteer needed participate emergency preparedness drill simulating bioterrorism disaster,1
latest landslide kill three near venice heavy rain,1
kenny holland crush da vida,0
men escape car engulfed flame parley canyon crew investigating cause,1
im honest people want go rampage let use hand foot casualty,0
preorder film itunes amp watch yay,0
except idk really burning,0
serious,0
pandemonium aba woman delivers baby without face photo,1
senior year wan na go,0
night blew rq,0
new giant flame giant full black pantofel infoorder sm pin pictwittercompnpizody,1
rick morty blew,0
new article russian food crematorium provoke outrage amid crisis famine memory read,1
body bagging today got post score,0
specially modified land stadium rescue hostage iran,1
du gon get rap battle,0
japan mark th anniversary hiroshima atomic bombing generalnews,1
one thing suregod promised israel annihilated butthe horror iran wnukes,0
marshall plan united state dambisa moyo via oped via,0
happening hear runway lighting damage contractor,1
gm pray attack enemy derail ur destiny blocked lord amp flood ur life wheavenly blessing,0
earthquake drill,0
one talking risk suicide bomber hiding amongst migrant stowing aboard eurotunnel train,1
pharrell prevent forest fire,0
fedex longer transport bioterror germ via,0
changing weapon,0
nigerian boxer survived session klitschko becomes famous youtube,0
despite crippling anxiety overwhelming panic attack id say im fairly welladjusted,0
oops bounty hunter try raid phoenix police chief home,0
even star moon collide never want back life,0
believe blue isi kwwwkwwwk without weapon blue hug jiahahahha yeyeulala,0
added video playlist cher lloyd siren,0
hiroshima one history worst example mass murder hiroshima war atombomb japan,1
fresh encounter pulwama jampampk one terrorist killed others holed inside house,1
map show california wildfire burning map created cal fire,1
malaysia seem certain france plane debris missing mh,1
american war planner singled hiroshima destruction,1
twia board approves percent rate hike texas windstorm insurance association twia board director,1
severe thunderstorm picture across midsouth,1
california amp monsteramp fire contained told evacuate,1
hey bitch blow uh stick dick water outlet get electrocuted,0
blazing elwoods dont bother dougs song tune,0
funny cause dumb as young one get trouble lol,1
jkl issue hazardous weather outlook hwo wx,1
owner chicagoarea gay bar admits arson scheme via lgbt,0
tubestrike derailed robertwelch cutlery offer get back track,0
raining since left im drowning flood see ive always fighter without give,0
national briefing west california spring oil spill estimate grows document released wednesday nyt,1
greece tax revenue collapse debt crisis continues,1
nw wth rotating storm report huge massive violent tornado would,1
going beach jim alves mean guaranteed rainstorm lucky,0
california spring oil spill estimate grows associated press via nyt,1
san bernardino eo redlands blvd trfc collisionno inj,0
liked video minecraft skywars blaze que usa hack flechadas sinistras,0
deai suicide bomber kill saudi security site mosque reuters,1
must refuse become nation everyone living fear shot unawares intoxicated ampor crazy people,1
askh cz im jealous bc wanted elgato hd bday record video didnt money,0
many spec much fan service much lore destruction,0
drought real,1
miracle mankind survived year since one worst day history bet survive next,1
roof collapsed bowling alley many community remember going year,1
dust storm en route alice spring uluru,1
cant believe photo bombed screenshot,0
waiting chocolate lava cake get,0
getting married oh finally jennifer aniston got married im happy,0
yr old pkk suicide bomber detonated bomb turkey army trench released,1
came land engulfed tribal war turned land peace ie madinah prophetmuhammad islam,0
ok severe thunderstorm warning issued august pm cdt august pm cdt nw okwx,1
horror film made incredibly creative artist interviewed depth anatomy fear,1
heart attack thought goat dead dont worry rocket okay,0
check want twister ticket vip experience see shania click would love love love win,0
prophet peace upon said save hellfire even giving half date charity,0
service green line resumed earlier derailment near garfield residual delay,1
legal system never forgets,0
cant survive without referring without mr modi big zero,0
new lady shoulder tote handbag faux leather hobo purse cross body bag womens rt en,0
new explosionproof tempered glass screen protector film blackberry full read,0
yessum im traumatised,0
go easy paul poor woman traumatised cake gbbo,0
okay cat quarantined bathroomits meowing really loud turned tv louderthings might work okay,0
welcome family cleveland standup,0
forever drowning feeling,0
severe weather bulletin typhoon hannaph soudelor tropical cyclone warning issued pm,1
hate shatter delusion hatchet deadly weapon justifying lethal force gunsense,0
hot reddits new content policy go effect many horrible subreddits banned quarantined prebreak best,0
thanks dante join u following zone johnny,0
jaxmk stage fatalityuudlk close,0
twin survived first day high school theyre gon na great year makinmemories,0
mantra morning heading make whirlwind trip south,0
christie hillside game pandemonium pit,0
skinny jean hazardous health socialnews,1
photo hundred rescued migrant await disembarkment irish naval vessel palermo italy,1
business deluged inroicesmake stand colour shape likely rise top pay pile,0
let talk goof guild saunders come right stage,0
official say quarantine place birmingham home possible ebola case edward khan,1
evacuating building area state road still dont confirmation fire,1
opposite love fear,1
rescued med migrant arrive sicily,1
iranian warship point weapon u helicopter official say tcot,1
nw flash flood warning continued shelby county pm wednesday tnwx,1
madhya pradesh train derailment village youth saved many life,1
nobody remembers came second charles schulz,0
think typhoon passed lol,1
wow beauty lie within every storm taken today rainstorm aampb pipeliners,1
former heroin addict share story city leader sound alarm city official said emergency team responded,1
stretcherbearers soldier whose job follow behind advance bring wounded back,0
ive meaning harm best way see fit,0
playingnow bloodbound seven angel medium stream,0
im feeling attacked,0
tried save mido macia one murder accused testified tried save mido macia life,0
added video playlist doc volcano earthquake inside volcano,1
empire avenue crushed soul via,0
lately ive pressure make wan na put fuck niqqa stretcher,0
tried making chocolate peanut butter lava cake using shakeology protein shake mix,0
latest home razed northern california wildfire abc news,1
city calgary city calgary activated municipal emergency plan municipal emergency,1
standardized test harm child color via cc,0
uribe demolished ball,0
paulista injured wilshere,0
yet still many fish die worldwide flood wonder,0
ng mhtw fnet watch michael jordan absolutely destroy memebaiting camper foxsportscom,0
new explosionproof tempered glass screen protector film blackberry full read,0
dream magic linden method lite version anxiety panic cure program lind,0
lrt look tom feel flooding back,0
everyones wonder win im wondering grape real bb,0
putin decree result destruction ton imported cheese near russiaukraine border rt,1
earthquake km volcano hawaii iphone user download earthquake app information,1
back would never said would ended ja like obliteration,0
army name th mountain unit iraq afghanistan deployment deed,0
last chance animal rescue new post animalrescue,0
tkyonly fmk breaking news unconfirmed heard loud bang nearby appears blast wind neighbour as,0
news update huge cliff landslide road china watch moment cliff collapse huge chunk rock fall,1
small casualty way colorado,1
fatality scary af probably best falcon still scary,0
new post people finally panicking cable tv,0
u navy sideline newest sub defensenewscomus navy sideline newest subsd navy,1
taken movie took place india vine,0
make natural disaster reporting interesting adding headline rescuer sifting wreckage,0
totoooooo totoooooooooo dust storm approaching stratford texas th april,1
democrat restricted black voting landslide lyndon johnson senate election vote dead people texas,0
boy save autistic brother drowning nineyearold maine dove pool save autistic brother drowning,1
cry set ablaze,0
news hostage libya india terrorism africa ap t nri news trs tdp bjp,1
heard really loud bang everyone asleep great,0
demolished personal best,0
win kerry obliteration,0
hollywood movie trapped miner released chile hollywood movie trapped miner starring,0
reported flooding po area ten mmda,0
world say finish god say dont fear choosegod restoringpaths,0
flattened frog,0
cant watch home alone without telling kid used casualty homealone film,0
africanbaze breaking newsnigeria flag set ablaze aba,1
ceo divestiture catastrophe loss temper result,0
one told drown drinking much water,0
two giant crane holding bridge collapse nearby home,1
airplane accident,1
need life sin girlfriend ride till bloody end girlfriend,0
stick stone may break bone word never harm,0
hey girl must toe hobbit part two ghe desolation smaug im interested seeing sorry,0
ee recall power bar battery pack explosion student bedroom,1
lava,0
dont get south huge wreck airlift maybe death interstate completely blocked,1
new photo oak snowstorm taken winter southdowns hampshire photography art tree treeporn,1
lately stressing make wan na put fuck nigga stretcher,0
end,0
longest streak tripledigit heat since forecast dallas unrelenting dangerous heat wave,1
medium stock getting destroyed dis foxa cmcsa sni amcx viab via twx,0
didnt succeed two time either bomb didnt detonateampshots missed,1
currently driving dust storm,1
drowning low selfimage take quiz,0
school today ive already panic attack thank high school sucking,0
kindermorgan gas explosion,1
completed quest demolish murlo android game tribez androidgames gameinsight,0
severe thunderstorm warning issued august pm cdt august pm cdt nw,1
avoid wearing dead black flaming red stark white much esp debate go blue gold brown even shoe,0
next may ill freefrom school obligation like family best damn curfew,1
today metro commute debacle wderailed nonpassenger train show clearly need rail mgr ceo,1
maybe star align maybe world collide,0
mh aircraft debris found la reunion missing malaysia airline abc online,1
oilandgas exploration take seismic shift gabon somalia via,1
tragedy common pertains public ownership property right based market opposite say,0
im hampered liking crossbody bag really like ella vickers bag machine washable,0
hank williams jr country boy survive official music video via,0
art world seismic shift back oddball observer,0
lonepine remembered around australia descendant grow via gallipoli ww,0
loan settlement day emergency money advance treasurehouse self outbreed takehome akx,0
siren everywhere,0
hostage meaningless might well play cod search destroy,0
police respond crash find suspected heroin,1
pretty neat website get latest drought condition area,1
dont laugh loud many thing man really lol big bang theory,0
there weird siren going herei hope hunterston isnt process blowing smithereens,1
book describing future therapy technology sport sexuality bioterrorism diagnosis digitalhealth hcsm,0
bought another medium crash hey endorsement starting get expensive,0
rioting,1
group florida forest service firefighter could deployed california help contain fire detail,1
gear war preview member come chat xb welcome danger zone,0
catastrophe im perfectly content one mean nothing im controlled text got crap say,0
amateur night actress reprises role siren horrormoviesca horror,1
smoke baby lay baby laugh baby want simple thing,0
claim suicide bombing saudi police islamic state group suicide bomber thursday detonated,1
playing landslide smashing pumpkin,0
tweet quoted,0
stand alone dont piss moan choice made must reap whirlwind ill demeanor calm staid,0
boy mix ultimate preparedness library prepare catastrophe,1
siren went wasnt forney tornado warning,1
watch airport get swallowed sandstorm minute,1
im blazing rn there nothing stop,0
must get hot burning building loses follower,1
wreckage conclusively confirmed mh malaysia pm investigator family,1
pak army helicopter crashed mansehra,1
reddit update content policy promise quarantine extremely offensive community,0
islamic state group egypt threatens kill croat hostage,1
found sunflower explosion walk,1
lmao light skin guy blew twitter talking ugly kid,0
rescued med migrant arrive sicily hundred migrant rescued,1
like affect every level life youre expecting buy everything still survive limited pocket money,0
hot specially modified land stadium rescue hostage iran prebreak best,1
crazy mom threw teen daughter nude twister sex party according friend pic,0
consent order cleanup underway csx derailment site knoxville news sentinel,1
felt bad romero cared mental stuff sunk career worry thing happen hutch bluejays,0
scream,0
mp train derailment freakiest freak accident mp train derailment freakiest,1
show hero tv review,0
added sandy first responder lost home vip home page group,1
drag last night screaming shell mannequin instead shell man think everyone hated,0
god forbid true california enough problem severe drought amp wild fire nuclear power sanonofre,1
brace sunday evening inundated thousand call depressed fan,0
investigator rule catastrophic structural failure resulted virg related article,1
year atomic bomb japan still struggle war past anniversary devastation wrought,1
new favorite midfield general disco siren house edm version soni soner soundcloud,0
worry,0
displaced ocean township apartment fire newyork,1
pt crosssectarian protest powerful shia cleric say militia must withdrawur fightin isi wont forget damage uve done ur ppl,1
lionel train smoke locomotive magnetraction instruction,0
domestic terrorism ifs ands buts created,0
help save beautiful town ontario destruction power plant developer,0
young child among rescued capsized boat libya via,1
uribe annihilated baseball mets,0
latestnews tension bayelsa patience jonathan plan hijack apc pdp,1
fedex longer ship potential bioterror pathogen fedex corp nyse fdx longer deliver package,1
god order obliteration ancient canaanite,0
rt kurtkamka beautiful desolation couple coyote lizard morning sun phoenix ariz,1
escape heat orshow trail run desolation loop youll glad,0
im drowning spirit wash,0
pair new round led work driving flood light offroad atv utv full read ebay,0
statistically im risk getting killed cop dying airplane accident,0
budget oh trouble yes would agree varagesale,0
new warning central hill hail mph wind affecting sturgis could later tonight kotaweather,1
virgin galactic crash early unlocking brake triggered structural failure crash virgin galactic,1
gulfport energy allin realization fall cliff,0
wackoes like michelebachman predict world soon obliterated burning firey inferno cant accept globalwarming hello,0
answer friend isnt blowing windits yelling survive dust storm,1
crptotech tsunami bank banking tech bitcoing blockchain,1
hide kid hide wife he loose thought flattened ball,0
rt roadid thanks alex story amp first responder need,0
broken fully exploded,1
happy one hurt wmata train derailed also express bus much better metro rail,1
u national park service tonto national forest stop annihilation salt river wild horse via,0
expert france begin examining airplane debris found reunion island french air accident expert wedn,1
men fear feeling controlled woman passive aggressively coerced commitment theyre ready,0
youre busy finishing weapon design,0
anyone need pu tonight play hybrid slayer p eu hmu,0
hotteennsfwpornmilf oiled as hole destroyed king size cock closeup sex clip,0
save panicking get helios,0
pbban temporary fighterdena armageddon kill flag fast xp reason,0
plot futurea totalitarian government employ force known fireman seek destroy literature,0
favorite text,0
two air ambulance scene serious crash two car lorry emsne,1
intending go waiting wind drop siren gone signal allowed leave arenanone gone,1
hot funtenna hijacking computer send data sound wave black hat prebreak best,1
else want document radiation emergency procedure radiation emergency procedure,0
refugio oil spill may costlier bigger projected plain american pipeline oil spill,1
injury starting please stay healthy,0
cleared accident property damage ny eb ny,1
sharper image viper hardside twister black,0
holy fuck qvc bitch got burned hard,0
marketforce cat shark win siren round two radio news,0
brooklyn locksmith domesticate emergency mechanic service circa clock movement gba,0
nh england announces new plan meet emergency care target,0
pic yr old pkk suicide bomber detonated bomb turkey army trench released,1
shawie shawie breaking news unconfirmed heard loud bang nearby appears blast wind neighbour as,0
officer wounded suspect killed exchange gunfire richmond police officer wounded suspect killed exc,1
aurora theater shooting trial gunman expected notoriety mass murder nothing else,1
summer lovely,0
people really still curfew even theyre amp graduated high school,0
nowplaying song siren john frusciante,0
parent colorado theater shooting victim fear copycat massacre antioch,1
malaysia airline flight disappeared month ago debris found south indian ocean,1
left hand side diamond graveyard shift attack defend right handside fucking idiot,0
mere sight gun make police public aggressive expert say,0
christian attacked muslim temple mount waving israeli flag via pamela geller,1
hail cloud,0
grade black horse faminemega score dynamix,0
year abomb destroyd hiroshima bbc look wht survived cnv watch peace vigil,1
hunger hit cant function probably wouldnt last long famine zonesthank god,0
modiministry madhya pradesh train derailment village youth saved many life,1
next financial crash writing wall dont say werent warned,0
truck driver salvage banned tomato destruction russian border news,0
wreckage conclusively confirmed mh malaysia pm investigator family,1
last chance animal rescue new post animalrescue,0
fuck going trent bridge reminds england collapse caribbean back,1
dog think he ambulance,0
make happy fuck tryna ruin keep smiling,0
obama declares disaster typhoondevastated saipan obama sign disaster declaration northern marians,1
pams barry island wedding meltdown,0
cant breathe lung collapsed,0
im obliterate shadow realm,0
hellfire even want think mention let anything lead,0
need delete start cry computer electrocute,0
hearth burn like wildfire bee knee,1
want work tarzana ca view latest opening nursing job job hiring,0
always friendship kiss show neither always enemity show wound show bishopfred,0
hobbit desolation smaug bilingual,0
ash australia collapse trent bridge twitter reacted,1
nowt money fergie bombed big drinker united within year taking wenger,0
read eyewitness account hiroshima day life,1
said veg fruit good hope there injury fatality,0
louis sad cancel show everyone leave evacuate go,0
help say denver firefighter working curb first responder suicide,1
best window torrent client recommended deluge look like written year ago java swing us worse,0
check udhampur terror attack militant attack police post spos injured suryaray india,1
ear bleeding hate stefano,0
well im also gay girl like predict tsunami amp volcano amp earthquake gift god christian,0
myanmar displaced rohingya sittwe point return prison like condition genocide ihhen msf refugee,1
samelsamel crush,0
official alabama home quarantined possible,1
food crematorium provoke outrage amid crisis famine memory,1
totally agreeshe know birth control isi saying true want derail plan blaming fan,0
yes want new blight leader,0
still heard church leader kenya coming forward comment accident issue disciplinary measuresarrestpastornganga,0
forest fire could delay official say could good thing,1
bestie making watch texas chainsaw massacre,1
little girl next see spot light sky scream mom look see angel sky,1
flood disaster bengal flood cm mamata banerjee blame dvc bjp claim state failed use economic,1
bayelsa poll tension bayelsa patience jonathan plan hijack apc pdp plan former first lady,1
second part focus survivor really difficult watch time really powerful,1
one commodity escaped total collapse price business,0
brain id explode lmao,0
truth news bbc cnn islam truth god isi terrorism quran lie,1
bringing tornado flood bringing climate change god america plaguing farrakhan quote,1
official alabama home quarantined possible ebola case,1
dropping fire selfie tomorrow saying youre welcome ahead time,0
mf life vocal lyrical bomb saw live summer amazing vocalist rt melanie fiona slept,0
nick williams hit another bomb crushed,0
whao pic yr old pkk suicide bomber detonated bomb turkey army trench released,1
cleared crash hamilton south mm,1
omg nixon life richard nixon tricky dicky right picture isnt hiding calgary,1
latest train derailment freakiest freak accident indian express indi indiannews,1
burning building medium outrage,1
rainstorm update north south,1
ancient mayan tablet found jungle temple,1
flat football like flattened spartan crushing back day hail,0
planted year ago moved u bonsai survived hiroshima story nearly lost via,1
cyclone double would cherry top outfit ootd doubleghats,0
live cricket score match international domestic team tour team squad profile amp injury lamha ba lamha update follow,0
family mourns drowning superhero toddler rare epilepsy chicago tribune,1
potus appoints brig gen richard kaiser member mississippi river commission learn mrc,0
slosher goat freaking love weapon cant wait episode splatdown switching splatling gun,0
gold coast tram hit fallen powerlines people evacuated tram gold coast af,1
yearold boy charged manslaughter toddler report yearold boy charged manslaughter fatal sh,1
week whirlwind exactly imagined nyc version career like,0
wellknown fact st valentine day massacre could avoided oompahperiod tom wait,1
new snap tool black baseball hatcap silvergray embroidered logo flame full,0
dt rt col police catch pickpocket liverpool stree,1
one direction pick fan army directioners,0
utopian impulse inevitably end gulag mass murder,1
gunman kill four el salvador bus attack suspected salvadoran gang member killed four people wounded,1
christian attacked muslim temple mount waving israeli flag via pamela geller,1
sismo km volcano hawaii time utc ep csismica,1
dick,0
queen gambit went well anakin blew droid control ship oh well still fun cant stop next wbc,0
cracker white riot nowplaying,0
equally scared cause somehow started heal fill wound thought permanent,0
landslide tumble todayim side twister sweep away youre bitchruns distance,1
best special report metric correlate best propertycasualty marketwatch,0
interview actor randy irwin ask could harm,0
angelriveralib snowden may broken law hurricane katrina may caused damage without snowden,1
storm concludes city calgary municipal emergency plan deactivated,1
lhh silent screaming mastered,0
lmao real live go,0
screaming,0
thingsihate watching someone care head total destruction able anything,0
get feeling society collapse implode dont hero play part,0
dont,1
two can explode wanted drink rest kaldi coffee stout photo,0
natural unavoidable consequence socialism everywhere tried,0
great new recipe mudslide cake sorry stew gbbo,0
newport big thanks emergency run pick jackie bristol temple message much appreciated,1
btw th actually next year casualty began th september mark year,1
description wounded cat exciting,0
raining outside im burning favorite candle there hot cocoa sip nap time awesomesauce,0
seriously tactical riot headquarters disney marvel,0
tasted like feast famine starving trusting jack iartg rwa tw rw rrbc,0
came land engulfed tribal war turned land peace ie madinah prophetmuhammad islam,0
im setting disaster,0
wait tell college friend reafs bloody mary drama cd,0
dealbreaker thats thats dealbreaker so abandon ship evacuate building,1
god order obliteration ancient canaanite via homosexuality downfall society,0
another standuser detonate killer queen,0
huge cliff landslide road china watch moment cliff collapse huge chunk rock fall onto,1
shoe asics gtii super red ronnie fieg kith red white gel grey volcano,0
like gg bad end least cared little gg dan cause twister dont know wilden idc,0
ready get annihilated bucs game,1
eating takis rubbing eye hand eye bleeding tear,0
bamenda flood kill animal bird,1
said superficial wound pepper spray damage,1
hatchetwielding gunman pepper spray fake bomb,1
im going much trouble,0
say phil actually collapsed gravel sobbing endlessly crowd watching confused angry mad,0
slammed phone ground screamed ahahahga,0
like ahhhhh fix alec made state med tort work comp law leading injustice mh,0
rt gunshot wound bicep wound chesttorso area kerricktrial jonathanferrell,0
seeing hazard without beard like,0
survived another tube strike last person office reaching home getting better navigating strike,0
without bombing would harakiri know commit suicide hiroshima year ago,1
climatechange eyewitness extreme weather social medium post show crazy thing anarchy,1
suicide bomber kill saudi security site mosque reuters,1
windstorm blew thru open window bong piece another example nature indifference human suffering,0
tv program saw said u air plane flew uranium mine fukushima attacked machine gun student army digging,1
video picking body water rescuer searching hundred migrant mediterranean boat carryi,1
let report people instead mrobama declares cnmi federal disaster area post typhoon soudelor guy slow report,1
exclusive fatality involving onduty nypd cop year,1
true gt,1
plea global warming dont really work california australia keep catastrophic bush fire,1
rioter looter burning building white life matter,1
honestly wonder wrong lose everyone,0
twin storm blow calgary,1
committed mass murder,1
salem nuclear reactor shut electrical circuit failure pump salem nuclear reactor bee,1
laois girl advertised new friend replace lovedup bff inundated,0
wrapup u cable tv company share crushed disney disappoints,0
guardian view hiroshima legacy still shadow bomb editorial world longs ca,1
second summer pick fan army sosfam,0
whimsy pertains mass casualty always impressive,0
note passenger board train derailed morning,1
dangerous ok rest u danger,0
god order obliteration ancient canaanite,0
iranian warship point weapon american helicopter,1
beforeitsnews former executive prosecuted fukushima nuclear disaster,1
read schoolboy eyewitness account hiroshima,1
im traumatised,0
congress renamed italian goonda party motley crowd hooligan selfavowed crook determined derail democracy,0
washington post dead dozen injured gaza blast near house leveled summer war,1
number security official killed pkk terror attack since suruc suicide bombing reached,1
man crush everyday,0
thankkk soo much flooding notificationsu fella parsholics superb amp jus soo awesomelove love always frvrgrateful,0
thank missy thought suited blazing hot summertime yeehaw,0
eu state squabble immigration ukfrance eurotunnel deluged migrant one dead thousand storm tunnel,1
arian foster keep promise thats get injured every yeat,0
suicide bomber kill saudi security site mosque via,1
pulse rifle weapon tuning,0
cant tell oppressed group people react trauma would stupid ignorant,0
precious cargo onesie recalled choking hazard,0
dutch crane collapse demolishes house dramatic eyewitness video capture moment dutch crane hoisting,1
even though bsg sufficiently hyped year somehow delayed watching utterly utterly blown away,1
apollo brown detonate mop hhbu,0
hey guy thanks rock world follow,0
screamed end oamsgajagahahah im laighign otrametlife,0
drown water entering lung alive caused great country fall shit youre pussy,0
cold head want explode joy working home im going back bed peace,0
trending nigeria police charge traditional ruler others informant murder,1
fyi cadfyi accident property damagewpd th st,1
ntsb virgin galactics spaceshiptwo crash due structural failure braking system unlocked early via,1
listen landslide oh wonder soundcloud,0
dundee news army veteran fear loose rock dundee landslide could kill moment,1
failure misfortunebut regret catastrophe,0
news refugio oil spill may costlier bigger projected,1
japan mark th anniversary hiroshima atomic bombing,1
check rockin preview danger zone coming soon artistsunited,0
omg omg omg justinbieber harrystyles collided nuclear accident cern oo harrybecareful,0
every time feel new pain strain body panic need career,0
isil claim suicide bombing saudi mosque killed least,1
police investigating ebike collided car little portugal ebike rider suffered serious nonlife threatening injury,1
fatality like corpse still jittering,1
lol plymouth let obliterate litter,0
star war power jedi collection battle droid hasbro full read ebay,1
smoke eat sleep,0
result heavy rain bangladeshaffected land inundated flood watersland look like river high tide bangladeshflood,1
particulatebreak solid combust fossil fuel voltaic active forest fire biological vocpetroleum ch bacteria decomposition,1
bedroom clean bathroom clean laundry done shit looking like war zone,0
got car wreck car front didnt put blinker really feel great outside lol,0
someone split mudslide get work,0
fairfax investigating firefighter facebook post saying police put body bag washington post,0
bit pacquiao v marquez unfilled blazing swarm online durvod,0
wow wow club blown money fucked player like theyd pilloried,0
parent colorado theater shooting victim fear copycat massacre antioch,1
iit may logically right call maybe act mass murder cant sanction,1
hot funtenna hijacking computer send data sound wave black hat prebreak best,0
wholesale market ablaze,1
air sunray obliterated hairy head like dried wire spiderweb,0
breaking news call tasmania emergency service trained horse,1
war drug turned u war zone,1
see aug poconorecord many household emergency plan,1
heat wave ending watching big area rain thoughwill impact part area detail nbc pm,1
didnt get buy one last london show fire alarm went everyone evacuated hahahaha,0
care sibling abuse survivor join new family tree,0
shirley caesar windstorm nowplaying listenlive,0
look like mass murderer,0
meltdown noticed,0
agree background check think gun weapon general great equalizer,0
china stock market crash gem rubble china stock market crash summer forbes,0
rolling sandunes gentle lapping sea call gull nuclear reactor sizewell,1
suicide bomber kill dozen saudi mosque saudi arabia started experiencing terrorist,1
fatality,0
warfighting robot could reduce civilian casualty calling,1
cum explosion,0
strawberry big trouble scientist race find solution,1
consent order cleanup underway csx derailment site knoxville news sentinel,1
confirmed sanchez hazard bolasie rest season,1
california meet droughtfueled fire season extra crew related article,1
clearedincident injuryi inner loop exit md georgia ave silver spring,1
building muscle feast famine feeding diet plan based around losing weight,0
drove parent car lmao panic attack waiting happen,0
alert sandy hook elementary school evacuated bomb threat,1
reddit quarantine offensive content onlinecommunities reddit via,0
heat wave relentless feel like humidity relentless drought dominicana know worse place,1
bleeding brain dont know cause,0
back ireland sadtraumatised freezing beautiful parisian summer become accustomed,0
walk away nothing say see lightning eye see em running life,0
photo postapocalypticflimflam prodding around rubble,0
kesabaran membuahkan hasil indah pada saat tepat life isnt waiting storm pas learning dance rain,1
pandemonium aba woman delivers baby without face photo,0
canada bc drought okanagan region issued level rating okanagan river columbia trib fishing suspended sep,1
im emotional wreck watching emmerdale,0
let see good soccer youre bleeding yo face,0
anti collision rear gadget technology,0
burning fucking building,1
emergency odai bucharest romania dog dyingthey hungry eat,1
bomb as firework picture,0
fire hazard associated installation noncompliant external cladding,0
bst traffic gtparis geneva mon hamburg gthanover karlsruhe gotthard nb,1
say hailstorm,1
scary stuff san antonio star head coach dan hughes run sideline fell chair onto floor stretcher,1
man accused fatal hitandrun get new judge via,0
monkey collided head ninja commence tear,0
idm burn whole gotham city bcs im gon na laugh everyone theyre panicking,0
socialmedia news new facebook page feature seek help personalize customer experience,0
doone silver architect permission demolish birmingham natwest tower replace city tallest building,0
onthisday mayflower set sail new world read,0
unlicensed teen driver among killed nc crash,1
thing become terrible great ethiopian famine,0
check rockin preview danger zone coming soon artistsunited,0
wrong call trusty actually considering spontaneously collapsed thats trusty,1
destroyed,0
man squeeze another man head bare hand literally exploded,0
could die falling sinkhole id still blamed,0
natural unavoidable consequence socialism everywhere tried,0
today mark th anniversary bombing hiroshima city visited humbled november,1
okay panicking,0
youre lost alone youre sinking like stone carry onnnn,0
smoke alot weed like fuck kidney put dutch,0
fire displaces family damage two building troy fire broke fourth street albany ny news,1
liked video reality collide life strange hilarious glitch,0
learning legacy catastrophic eruption via,1
maaaaan love love without tragedy wish made whole song,0
wild night village pugwash every fire truck town like fire truck every house population,1
destroy house,0
rt notexplained known image infamous hijacker db cooper,0
russian food crematorium provoke outrage amid crisis famine memory moscow reuters russian government,1
im sinking darkest dream deep cold pain inside love dan bear jota esse,0
literally trapped room cuz bathroom remodeled exit window,1
trauma injury involving kid sport usually cycling related cbcca,1
co sanity brings reward one hit one last score dont casualty cut cord,1
good play along may begin operation death star evacuation nearly complete,0
battle goat,0
amp obama support death usa,0
get free bet register boylesports casino luck destroy,0
fuck specially new shit first hijack itunes sirius chan fuck already haha sayin,0
punjab government flood relief platform realtime information inundation damage rescue effort amp travel alert,1
hello wud kindly consider following bak please im never trouble lol many thanks,0
tomislav salopek islamic state recent hostage,0
hillarymass murderer,0
civil right continued transgenerational trauma anything listen american,0
nearly heart attack loud bang window next turn two bird flying glass,1
new lady shoulder tote handbag woman cross body bag faux leather fashion purse full,0
want rainstorm please,0
hungerarticles nepal rebuilding life livelihood quake devastation,1
lava blast power red pantherattack,0
wild land fire come,1
lol welcome,0
tor tor situation wind damage enhanced wording key imo,1
slum manifestation state failure provide housing citizen illegality discourse confounds structural problem stopevictions,1
car collide crash building two car collided intersection sent one vehicle crashing,1
ill cry pity party flame,0
new quest type level quest always present quest exp designed help people level outside emergency quest,0
philippine must protect internally displaced person warns un expert diplomat,1
hm mt alabama home quarantined possible ebola case,1
oregon biggest wildfire slows growth via,1
sinkhole selfies wont believe whats brooklyn sinkhole,0
aftershock full streaming youtube,0
holy crap forever since saw movie nostalgia wave hit like tsunami thank youuu,0
currency transgress paydayprison ward sinkingfund payment unsecured loan jbumzqpk,0
would please explain going volcano amp bush fire spouting co air,1
boy charged fatal shooting yearold,1
different moral system mine reject mass murder innocent explicitly endorses behavior,1
calgary transit reviewing policy leaving hundred commuter stranded hail,1
havent seen devastation corp breach yet prepared get coverage,0
udhampur terror attack militant attack police post spos injured suspected militant tonight attacked,1
fukushimatepco mountain debris japanese tsunami floated west coast,1
california wildfire force thousand evacuate via,1
grandfather set first group marine hit japan operation olympic casualty rate prediction,1
horrible accident man died wing airplane,1
horrible moment open dryer look like snowy blizzard cuz left piece paper jean pocket,0
police officer wounded suspect dead exchanging shot,1
someone walk dq wan na butterfinger blizzard bad,0
thank supporting president irandeal take nuclear weapon hand iran keep everyone safer,0
well saturn doesnt exist anymore collision place starting estimate thats time car worth,1
newberg upheaval jacque betz responds looking forward day answer news,0
completely understandable considering trauma ptsdchat,0
typhoon soudelor captured incredible nasa photo way taiwan,1
say silas sliced headlinelike someone chopped like piece cabbage gh,0
im friggin wreck destiel suck read vine description,0
government expert concerned possible bioterrorism using gm organism scientist concerned,1
sad eye tacit story heart night whirlwind raging,1
cute amp livin life zoom one face meme ready ive seen gate hell survived,0
photo sketch based taste armageddon episode startrek tos,0
butt trauma extraordinaire,1
building perfect tracklist life leave street ablaze,0
series finale thegame survived much upheaval audience got much good story,0
ignition knock detonation sensor connectorconnecto dorman,0
omfg woke,0
jetstar virgin forced cancel bali flight ash mount raung volcano,1
nothing surprise anymore sure come,0
deputy man shot brighton home set ablaze,1
metro acting chief jack requa say train derailed sixcar train series rail car wmata,1
myanmar flooding heavy monsoon rain month july caused flooding flash flood landsli,1
fall back first break homebuyer miscalculation could destruction thousand mwjcdk,0
gon na thinking get shit wrecked first day school,0
iphone twist ultimate preparedness library prepare catastrophe ov,0
tomorrow death,0
still cant get thunderstormtornado woken yesterday half street still dark,1
turn radio stoponesounds live airwave amp fm blazing hit,0
remember time goku gave life dead birb hell goku,0
holy moly crushed,1
pacic medium centre article australia rsf protest new security gag reporting,0
two hour get client meeting whirlwind emotion tubestrike,1
imagine inundated request week sample amp much wed love able send sweet,1
able touch anything anyone penneys without electrocuted,0
sometimes face difficulty youre something wrong youre something right joel osteen,0
wan na drink little smoke little,0
cutting celebrety posting wound online nogo,0
ill give titty twister,0
peacefully sitting room heard loud bang something falling,1
ill ruin life,0
yearold boy charged manslaughter toddler report yearold boy charged manslaughter fatal sh,1
im home need watch scream,0
family affected fatal outbreak legionnaire disease edinburgh sue two comp,1
cdcwhistleblower death measles complication yr everyone loos shit dead legionnaire month amp cricket,1
fuck,0
wait,0
hotel evacuated fire shore drive norfolk,1
gotten postbattle wereonadesolateplanet belowthemasondixonline style electro violin playing yet,0
million bail man accused shooting fife police aug pm et,1
video picking body water rescuer searching hundred migrant mediterran,1
latest home razed northern california wildfire abc news,1
missing jet debris could floated union new york time,1
rescuer recover body yearold calgary man lake near vulcan,1
possible new jersey avalanche next year,0
dtn brazil refugio oil spill may costlier bigger projected plain american pipeline oi,1
two giant crane holding bridge collapse nearby home,1
utc km nnw lake henshaw california,1
mango juice crushed icegtgtgtgt,0
family sue legionnaire family affected fatal outbreak legionnaire disea,1
thank word warning queenswharf brisbane via,0
cant find ariana grande shirt fucking tragedy,0
governor allows parole school bus hijacker,1
year atomic bomb japan still struggle war past anniversary devastation wrought,1
stuns also probably wont anything like aw stuns cant detonate,0
update russian food crematorium provoke outrage amid crisis famine memory russian society still recal,1
wyrmwood road dead fucking awesome awesome ending awesome one,0
lake dallas crash cause train derail,1
shootas hungry body burner,0
major accident cause lifethreatening injury close highway wheeler suv collided,1
slightly diff catastrophe amp barry running solo generally thing,0
stretcher min speaker deck,0
catfish retweeted amp notification blew,0
hail pic,0
happily support mydrought project bringing awareness la drought track water,1
correction tent collapse story,1
check preppers doomsday must library collection cd shtf preppertalk survival prepper via,0
love picked playing worth fifth harmkid ink listen amp vote,0
mh aircraft debris found la reunion missing malaysia airline,1
bin laden family plane crashed avoiding microlight landi peritoengrafoscopia,1
opinion dont put thh internet furst flame,0
shut freshman past ur curfew need sleep spend much ur time watching tv instead going outside,0
learn gained access secret top earner amp used explode home business please rt,0
obama declares disaster typhoondevastated saipan president barack obama declared commonwealth,1
worldnews fallen powerlines glink tram update fire crew evacuated passenger tr,1
trouble trouble dont get way,0
threealarm fire destroys two residential building car manchester nh sunday afternoon,1
crew enolagay nuclear bomb board disarmed min hiroshima got ready arm little boy,1
black eye space battle occurred star involving fleet totaling ship destroyed,0
sink hole earth slide avalanchesgtgt allah islam sinkhole landslide avalanche usa france uk usgs emsc,1
truck crash u lebanon fatality sad expect long delay morning,1
bmx issue areal flood advisory shelby al till aug pm cdt,1
rescued actually pretend giorgio hiatt,0
expert france begin examining airplane debris found reunion island french air accident expert wednesday,1
cause federal failure deeply structural easily solved,0
thats concentration camp mass murder come every fucking time,0
di maria left dear mufc back hazarddi maria argument id say hazard way better idc,0
reason im listening curfew overtime stuck kodak,0
going go drown sorrow sad music brb,0
vibrator shaped vape done busted,0
wolforth twoout single middle fourth hit night altamonte spring,0
zone enders mg god war rt quote favorite p game,0
breaking terror attack police post udhampur,1
parent dont believe dream sad,0
still got video demolished,0
rainstorm downtown gloucester gloucester capeann seagull triciaoneill triciaoneillphoto,1
precious olive tree lost battleanother crazy windstorm yyc,1
stop upsetting bee listen science chemical company savebees,0
future america gamergate,0
watch cnns seventy terrorism episode iran always hated u want u obliterated,1
suicide bomber kill saudi security site mosque reuters,1
must overlooking burning building blacklivesmatter,1
yes man bad week far event deluge favs turned right around,0
baby oliver swim class cry entire class like parent waterboarding dipping lava,0
calgary news weather traffic august,0
getting kicked crash one worst experience ive playing video game,0
gpm satellite bullseye typhoon soudelor,1
creelyou must think im real moron flag man brainless mass muscle dobut dont think youre mass murderer,0
second bitch evacuate,0
mudslide nuff said gbbo,1
capsize thigh high tide sunk battleship gt,0
he hot amp sing im screaming,0
cant fight fate cant survive alone cant help notice almost seems like definition,0
upset rally upset burning building business executing cop nothing etc,1
cell phone shop pin lightning connector car charger apple,1
im servicin section im lurkin im weapon,0
bit going venture ive chosen suitable music mayhem,0
list reason london tubestrike better snowstorm read,0
california cop sketch gunman killed one wounded two deputy via app,1
pic blaze fort kid look like jackass stuffin face like,0
eyewitness medium actively embraced uk audience read report impact ugc news,0
even staying night barrier run dust storm almost passing,1
tell rebahes going destroy ash ash,0
survived plague floated flood peeked head mud one immune deafening bell god survive,0
delete one abbandoned sinking darsena castello scaligero di sirmione,0
horrible sinking feeling home phone realise whole time,0
latest home razed northern california wildfire abc news,1
setting success bell toll hiroshima japan mark year since atomic bombing news smallbusiness entrepreneur,1
wreckage conclusively confirmed mh malaysia pm investigator family,1
back future vanuatu cyclone pam encouraged traditional way living,1
country claiming moral high ground one dropped atomic bomb hiroshima banthebomb,1
today another dualcom enjoyed yesterday check today pm easter,0
people finally panicking cable tv,0
kanger coil burning fast via rvaping,0
doesnt lvg forced market may beat spur smaller team blind lcb top cl team obliterate u,0
trial date set man charged arson burglary,1
dog lightning reshapes rock atomic level lightning strike reshape mineral crystal structure,0
gun law ever dissuaded potential mass murderer,1
made mood go shitty af panicking af istg,0
fear looking like know ahhh big one perrychat,0
hailthe user summons hailstorm lasting five turn damage pokemon except ice type,0
free ebay sniping rt lumbar extender back stretcher excellent condition please favorite amp share,0
wicked weather roll calgary surrounding area,1
shouldve gave curfew,0
mess gon na explode,1
latestnews cnbc cnn anniversary devastation wrought first military use atomic weapon,1
politics preschool attitude russia order destroy food coming country doesnt like hunger world,1
rand paul debate strategy demolish bad idea point maybe em,1
bakeofffriends gbbo one mudslide guy hat,0
fair enough two best attacking winger prem hazard willian basically start every game,0
evacuation drill work fire door wouldnt open got smash emergency release glass feelingmanly,0
one day want someone run ferry fall crack face open almost knocking get boat,0
governor allows parole california school bus hijacker kidnapped child,1
sunset boy wreck bed original usa gimp label vinyl newave,1
im glad gay heal wound,0
narrator say chemically interesting lavatory db quite tongue twister certainly odd,0
new weapon cause unimaginable destruction,1
red cross reopens shelter bickleton school home evacuated amp around roosevelt wa due wildfire liveonk,1
plain american pipeline company may spilled crude oil previously estimated ksbynews,1
mortal kombat excellent fatality fun ever mortal kombat segas version,0
yhngsjlg tweeted secret crush,0
security personnel killed iraq suicide bombing,1
udhampuragain terrorist shot dead udhampur,1
entertainment lot brucewillis movie dvd die hard monkey armageddon sixth ebay auction,0
officially skipping fantasticfourfant sticwhatever hashtag getting annihilated review bummer,0
random hole broke street,0
gd idea im wrked hard almost nothing fear life poor fran reed,0
twelve feared killed pakistani air ambulance helicopter crash worldnews,1
check rockin preview danger zone coming soon artistsunited,0
see hurricane guillermo meteoearth,1
whole slew updated post coming hosting fixed unfml deluge,0
enjoy hopefully epic hail storm going,0
feeling lonelyness sunk strange depressing feeling,0
rt person dance rain likely walk storm anonymous,0
may panicking little wasnt fast submitting form usually,0
condemnation clearly replacing latest response aimlessly dryer evacuate detersion de hlg,1
good stay ny,0
happy exercised demon price kept rising service kept sinking goodbye,0
envision catastrophe would prevent woman placing child adoption,0
nigga playing thunderstorm hope lorr bless em,1
tear drowned terrible taste also nataly gave steak cheese thing cheer,0
remove linkury browser hijacker,0
islamic state group threatens kill hostage muslim woman let go,1
wld shame golf cart became engulfed flame boycottbears,0
u forest service say spending half budget fire ian simpson,1
taiwan grace expect large rock tree mud unstable andor saturated land may slide hazardous hillymountain area,1
learn evacuate home event wildfire view video ca nv ut co,1
cabin fever flame,0
always look silver lining barn burned ground see moon mizuta,0
man stomach feel like tsunami,0
pic yr old pkk suicide bomber detonated bomb turkey army trench released,1
womens handbag cross body geometric pattern satchel tote shoulder bag white,0
im speaking someone using scuf xb people end getting p also,0
good lol,0
hasnt quite sunk saw johnny marr primal scream space hour sunday,0
tix calgary flame v col avalanche preseason scotiabank saddledome,0
refugio oil spill may costlier bigger projected,1
review dude bro party massacre iii patrick bromleythe title sa,0
take suit wouldnt surprised hear face belonged another democrat massmurderer,1
cannon ball ocean japan would evacuate,1
hiring toronto branch surety underwritersenior underwriter casualty product leader apply today,0
wan na get danger day tattoo bad cool would spider look like someone wrist smth,0
flood bago myanmar arrived bago,1
patientreported outcome longterm survivor metastatic colorectal cancer british journal surgery,1
internally externally screaming,1
dont like babe lt youll ball fun lan,0
hijacker cop back dock,1
carry thing inside one else see hold u like anchor drown u sea,0
quote website disaster tried browser amp machine always get missing info error due nonexistant drop,0
miss longer hairbut dead anyways wasnt even hair,0
sustainability task force present levy fund emergency service wdtv,1
one careless match start forest fire take whole box start campfire,1
thorium radioactive weapon scandal murder environmental devastation video,1
usnwsgov severe weather statement issued august pm edt nw severe thunderstorm warning,1
dialysis grandpa oh lord blood make light headed,0
emergency unit simulate chemical explosion nu suppose student research lab northwestern,1
eat make mouth explode joy soul rise upwards,0
yay feel wind gearing rainstorm vancouver bring drought deadgrassandflowers wildfire,1
made friend interesting yall combined,0
girl wan na save like danger health try somebody wan na somebody else,0
philadelphia eagle jordan matthew going explode news hotnewscake,0
severe thunderstorm warning remains cochrane enacted municipal emergency plan today storm abstorm,1
sinkhole selfies wont believe whats brooklyn sinkhole sinkhole sel funny,0
first wreck today glad mom okay couldve lot worse happy lord u today,0
two giant crane holding bridge collapse nearby home,1
flooding,1
fire destroys two building nd street manchester,1
pete heat wave pas really going mid month frisco boy scout canoe trip okla,1
rt love truelove romance lith voodoo seduction astrology rtrrt lotz apocalypse armageddon planet,0
bad say im kinda afraid storm storm help,1
im drowning,0
chick work chew chewing gum loud feel bang,0
man gently dabbed cotton rag across one wound pain lot worse glenn ever,0
together destroy emperor rule galaxy father son,0
first responder would never sent wrong address smartteks gpsbased panic button mpers safety,0
bore minutia serve bad champagne may explode,0
gt bin laden family plane crashed avoiding microlight landing far runway rochdale heywood,1
wound kissed someone doesnt see disaster soul rather crack pour love amazing,0
lower striked would gone even otm could really fall cliff,1
ah remember day snowstorm,1
stephen ave flower pot got little ripped hailstorm today yyc abstorm calgary iamdowntown,1
ironically michele bachmann brought wron paul amp everyone blew called hoax finally right,0
meek mill responds drake ovo fest set wedgie threat,1
ash australia totally collapse internet absolutely love,0
haunting memory drawn survivor,1
ntsb virgin galactic crash caused structural failure triggered brake unlocked early,1
light recent event would like say scream five year,0
ship arrived safely quite unnecessary sign waiver wont sue microsoft hijacking occurred,0
obliterated last night,0
like swear secret well uncover old god slumber think there gon na another blight,0
poster ergo rotator cuff injury recovery kit super high converting rotator cuff inj,0
gostei de um deo de sleeping siren postcard polaroid acoustic cover,0
traffic accident cabrillo hwymagellan av mir,1
dramatic video show plane landing violent storm,1
earthquake emsc md coast northern california,1
holmgren describing world cup lous hostage,0
first tweet collided selfie pretty sweet ask,0
anyone wan na come watch twister toosoon,0
imagine room wall lava lamp,1
serving veteran oifoef vet physical wound many invisible one client,1
im gunning romance never thing heartache misery aint nothing tragedy,0
bayonet distributed local police department want know evilempire jadehelm,0
spot flood combo inch curved cree led work light bar offroad fog lamp full,0
tenshi activated yukis fire card,0
pc cree led work light offroad lamp car truck boat mining wd flood beam full rea,1
cant listen darude sandstorm without expecting airhorns,0
popeyes bout get crushed,0
enugu government demolish illegal structure international conference centre,1
another sad ocean casualtygray whale population pacific listed critically endangered drone video,1
terrifying pov footage capture violent landing inside passenger jet storm amsterdam travel,1
yea heard thatnot coming vampiro bleeding,0
finally demolished spring property sat vacant since saddlebrooke,0
twelve feared killed pakistani air ambulance helicopter crash,1
sunset looked like erupting volcano initial thought pixar short lava,1
rain rain go away soaker way gt lt,0
oh im bagging body bangin im saying shes going get rose,0
tennis defending champ svetlana kuznetsova withdraws citi open cite injury lower left leg espn,0
liked video battlefield hardline new weapon new map throwingknifes,0
new mad max screenshots show lovely dust storm combat magnum opus cogxbox xboxone xbox,0
check nsfw,0
hermancranston wired reddit quarantine offensive content,0
message board display updated traffic fatality new message beginning today traffic death slow worker,1
powerlines tram gc highway passenger evacuated,1
haha south tampa getting flooded hah wait second live south tampa gon na gon na fvck flooding,1
oil gas exploration,1
im cyclone passion overblown,0
calgary pounded hail second day storm,1
horrible sinking feeling home phone realise whole time,1
horrible sinking feeling home phone realise whole time,0
bayelsa poll tension bayelsa patience jonathan plan hijack apc pdp plan former first lady,0
haha jam imeshika hapa garden city mat bumper bumper aar ambulancewe decide chill via piga siren kijan,0
better feeling seeing stage day one year friendship still body bagging mics together,0
look like mudslide gbbo back belter,1
sharing help cousin family,0
hero springer spaniel amp dog dad rescued stranded baby dolphin,1
voluntary evacuation recommended time pickerel lake cabin across highway reidlake fire say maca nwt yzf,1
rt tanzania elephant population declined five year census reveals,1
pbban temporary russaky armageddon kill flag fast xp reason,0
petition heartless owner whipped horse collapsed told keep animal act,0
thats beyond adorable hope wont wrecked noticed,0
